pdb_id,cluster_v2_id,tool_support_count,same_tool_secondary_unit_count,cluster_diameter_A,center_dispersion_A,pairwise_residue_iou_median,pairwise_residue_iou_min,core_envelope_ratio,spatial_continuity,boundary_sensitive,boundary_reason
1A9M,1A9M_V2C001,5,0,1.55235055613536,0.860404188333908,0.598214285714286,0.178571428571429,0.596491228070175,true,false,
1A9M,1A9M_V2C002,3,0,1.35945968241035,0.837422758248834,0.555555555555556,0.428571428571429,0.642857142857143,true,false,
1A9M,1A9M_V2C003,3,1,6.96595381514172,2.3252104782641,0.5,0.35,0.5,true,false,
1A9M,1A9M_V2C004,2,0,0.703870953745501,0.497711924473687,1,1,1,true,false,
1A9M,1A9M_V2C005,1,0,0,0,,,1,true,false,
1A9M,1A9M_V2C006,1,0,0,0,,,1,true,false,
1A9M,1A9M_V2C007,1,0,0,0,,,1,true,false,
1A9M,1A9M_V2C008,1,0,0,0,,,1,true,false,
1A9M,1A9M_V2C009,1,0,0,0,,,1,true,false,
1A9M,1A9M_V2C010,1,0,0,0,,,1,true,false,
1A9M,1A9M_V2C011,1,0,0,0,,,1,true,false,
1A9M,1A9M_V2C012,1,0,0,0,,,1,true,false,
1A9M,1A9M_V2C013,1,0,0,0,,,1,true,false,
1A9M,1A9M_V2C014,1,0,0,0,,,1,true,false,
1A9M,1A9M_V2C015,1,0,0,0,,,1,true,false,
1A9M,1A9M_V2C016,1,0,0,0,,,1,true,false,
1A9M,1A9M_V2C017,1,0,0,0,,,1,true,false,
1A9M,1A9M_V2C018,1,0,0,0,,,1,true,false,
1A9M,1A9M_V2C019,1,0,0,0,,,1,true,false,
1A9M,1A9M_V2C020,1,0,0,0,,,1,true,false,
1A9M,1A9M_V2C021,1,0,0,0,,,1,true,false,
1FAP,1FAP_V2C001,5,3,10.8496327126774,1.52966675826422,0.522727272727273,0.363636363636364,0.458333333333333,true,true,diameter_gt_9A
1FAP,1FAP_V2C002,5,1,9.70967956900287,4.50877649507336,0.208333333333333,0.0476190476190476,0.154761904761905,true,true,diameter_gt_9A;dispersion_gt_4A;low_core_envelope_ratio
1FAP,1FAP_V2C003,4,0,5.00513093670682,2.41917743679343,0.420454545454545,0.186046511627907,0.340909090909091,true,false,
1FAP,1FAP_V2C004,3,0,10.6878065514963,4.46657750715268,0.315789473684211,0.111111111111111,0.5,true,true,diameter_gt_9A;dispersion_gt_4A
1FAP,1FAP_V2C005,3,0,4.07667173166627,1.79376337585081,0.407407407407407,0.333333333333333,0.407407407407407,true,false,
1FAP,1FAP_V2C006,3,2,9.24045074658157,0.733759813133358,1,1,1,true,true,diameter_gt_9A
1FAP,1FAP_V2C007,3,0,3.97743248380975,2.45000237262135,0.5,0.470588235294118,0.470588235294118,true,false,
1FAP,1FAP_V2C008,2,0,0.180752745157218,0.127811491818753,1,1,1,true,false,
1FAP,1FAP_V2C009,2,1,6.68494617260151,1.88821020353332,0.333333333333333,0.333333333333333,0.333333333333333,true,false,
1FAP,1FAP_V2C010,1,0,0,0,,,1,true,false,
1FAP,1FAP_V2C011,1,0,0,0,,,1,true,false,
1FAP,1FAP_V2C012,1,0,0,0,,,1,true,false,
1FAP,1FAP_V2C013,1,0,0,0,,,1,true,false,
1FAP,1FAP_V2C014,1,0,0,0,,,1,true,false,
1FAP,1FAP_V2C015,1,0,0,0,,,1,true,false,
1FAP,1FAP_V2C016,1,0,0,0,,,1,true,false,
1FAP,1FAP_V2C017,1,0,0,0,,,1,true,false,
1FAP,1FAP_V2C018,1,0,0,0,,,1,true,false,
1FAP,1FAP_V2C019,1,0,0,0,,,1,true,false,
1FAP,1FAP_V2C020,1,0,0,0,,,1,true,false,
1HIH,1HIH_V2C001,4,1,9.75420255527686,1.7244733468452,0.594117647058824,0.411764705882353,0.588235294117647,true,true,diameter_gt_9A
1HIH,1HIH_V2C002,3,1,4.91014952752493,1.39857669511144,0.666666666666667,0.466666666666667,0.666666666666667,true,false,
1HIH,1HIH_V2C003,3,0,2.98123450964452,1.27267332879196,0.5,0.5,0.5,true,false,
1HIH,1HIH_V2C004,3,0,2.74680939892911,1.53804846292882,0.583333333333333,0.566666666666667,0.633333333333333,true,false,
1HIH,1HIH_V2C005,3,1,6.14535964489658,1.79549684768344,0.6,0.461538461538462,0.769230769230769,true,false,
1HIH,1HIH_V2C006,2,1,8.64973409995937,0.911394535862488,0.19047619047619,0.19047619047619,0.19047619047619,true,true,low_core_envelope_ratio
1HIH,1HIH_V2C007,2,0,2.87241039005376,2.03110086515771,0.461538461538462,0.461538461538462,0.461538461538462,true,false,
1HIH,1HIH_V2C008,1,0,0,0,,,1,true,false,
1HIH,1HIH_V2C009,1,0,0,0,,,1,true,false,
1HIH,1HIH_V2C010,1,0,0,0,,,1,true,false,
1HIH,1HIH_V2C011,1,0,0,0,,,1,true,false,
1HIH,1HIH_V2C012,1,0,0,0,,,1,true,false,
1HIH,1HIH_V2C013,1,0,0,0,,,1,true,false,
1HIH,1HIH_V2C014,1,0,0,0,,,1,true,false,
1HIH,1HIH_V2C015,1,0,0,0,,,1,true,false,
1HIH,1HIH_V2C016,1,0,0,0,,,1,true,false,
1HIH,1HIH_V2C017,1,0,0,0,,,1,true,false,
1HIH,1HIH_V2C018,1,0,0,0,,,1,true,false,
1HIH,1HIH_V2C019,1,0,0,0,,,1,true,false,
1HSG,1HSG_V2C001,5,0,2.41735293537817,1.15033067867435,0.598245614035088,0.181818181818182,0.578947368421053,true,false,
1HSG,1HSG_V2C002,3,0,5.15607579754216,2.15580051875554,0.666666666666667,0.461538461538462,0.692307692307692,true,false,
1HSG,1HSG_V2C003,3,1,5.46139288460371,1.0870717150125,0.545454545454545,0.352941176470588,0.647058823529412,true,false,
1HSG,1HSG_V2C004,2,0,1.59,1.12429978208661,0.642857142857143,0.642857142857143,0.642857142857143,true,false,
1HSG,1HSG_V2C005,2,1,7.03452252701287,1.19568404239667,0.875,0.875,0.875,true,false,
1HSG,1HSG_V2C006,1,0,0,0,,,1,true,false,
1HSG,1HSG_V2C007,1,0,0,0,,,1,true,false,
1HSG,1HSG_V2C008,1,0,0,0,,,1,true,false,
1HSG,1HSG_V2C009,1,0,0,0,,,1,true,false,
1HSG,1HSG_V2C010,1,0,0,0,,,1,true,false,
1HSG,1HSG_V2C011,1,0,0,0,,,1,true,false,
1HSG,1HSG_V2C012,1,0,0,0,,,1,true,false,
1HSG,1HSG_V2C013,1,0,0,0,,,1,true,false,
1HSG,1HSG_V2C014,1,0,0,0,,,1,true,false,
1HSG,1HSG_V2C015,1,0,0,0,,,1,true,false,
1HSG,1HSG_V2C016,1,0,0,0,,,1,true,false,
1HSG,1HSG_V2C017,1,0,0,0,,,1,true,false,
1HSG,1HSG_V2C018,1,0,0,0,,,1,true,false,
1HSG,1HSG_V2C019,1,0,0,0,,,1,true,false,
1SHL,1SHL_V2C001,5,0,2.2338687949065,1.21875879492378,0.741758241758242,0.4,0.4,true,false,
1SHL,1SHL_V2C002,5,3,11.4750190467747,3.08918716048877,0.33,0.157894736842105,0.333333333333333,true,true,diameter_gt_9A
1SHL,1SHL_V2C003,5,2,11.5643054293157,4.33938084968544,0.5,0.166666666666667,0.416666666666667,true,true,diameter_gt_9A;dispersion_gt_4A
1SHL,1SHL_V2C004,5,4,8.87627026590179,1.19105620755028,0.727272727272727,0.380952380952381,0.363636363636364,true,false,
1SHL,1SHL_V2C005,5,1,5.95616454942966,3.1669569763937,0.297077922077922,0.178571428571429,0.323529411764706,true,false,
1SHL,1SHL_V2C006,3,1,3.71083514469554,1.09826549113655,0.714285714285714,0.714285714285714,0.714285714285714,true,false,
1SHL,1SHL_V2C007,3,1,5.51427051150683,1.42825260218327,0.625,0.571428571428571,0.875,true,false,
1SHL,1SHL_V2C008,3,0,4.00270534401498,2.11680062723525,0.538461538461538,0.304347826086957,0.565217391304348,true,false,
1SHL,1SHL_V2C009,2,0,5.69735333992899,4.02863718147961,0.285714285714286,0.285714285714286,0.285714285714286,true,true,dispersion_gt_4A
1SHL,1SHL_V2C010,2,0,0.438449928789537,0.310030917857841,0.818181818181818,0.818181818181818,0.818181818181818,true,false,
1SHL,1SHL_V2C011,2,2,4.50630843131326,0.703886204625791,0.6,0.6,0.6,true,false,
1SHL,1SHL_V2C012,2,4,11.1506252536293,0.97314562159342,0.538461538461538,0.538461538461538,0.538461538461538,true,true,diameter_gt_9A
1SHL,1SHL_V2C013,2,1,3.75630014338533,0.677564805084175,0.533333333333333,0.533333333333333,0.533333333333333,true,false,
1SHL,1SHL_V2C014,1,0,0,0,,,1,true,false,
1SHL,1SHL_V2C015,1,0,0,0,,,1,true,false,
1SHL,1SHL_V2C016,1,0,0,0,,,1,true,false,
1SHL,1SHL_V2C017,1,0,0,0,,,1,true,false,
1SHL,1SHL_V2C018,1,0,0,0,,,1,true,false,
1SHL,1SHL_V2C019,1,0,0,0,,,1,true,false,
1SHL,1SHL_V2C020,1,0,0,0,,,1,true,false,
1SHL,1SHL_V2C021,1,0,0,0,,,1,true,false,
1SHL,1SHL_V2C022,1,0,0,0,,,1,true,false,
1SHL,1SHL_V2C023,1,0,0,0,,,1,true,false,
1SHL,1SHL_V2C024,1,0,0,0,,,1,true,false,
1SHL,1SHL_V2C025,1,0,0,0,,,1,true,false,
1SHL,1SHL_V2C026,1,0,0,0,,,1,true,false,
1SHL,1SHL_V2C027,1,0,0,0,,,1,true,false,
1TCO,1TCO_V2C001,5,1,9.04772347057534,1.76659619171541,0.649122807017544,0.5,0.541666666666667,true,true,diameter_gt_9A
1TCO,1TCO_V2C002,5,1,5.86221426275942,1.16919726928232,0.604037267080745,0.409090909090909,0.391304347826087,true,false,
1TCO,1TCO_V2C003,5,0,5.61471056049808,2.88988148947705,0.436507936507937,0.234042553191489,0.297872340425532,true,false,
1TCO,1TCO_V2C004,5,2,9.29520844306355,2.77081323410456,0.41875,0.244444444444444,0.372881355932203,true,true,diameter_gt_9A
1TCO,1TCO_V2C005,4,1,7.91381670583283,2.02489724906661,0.53125,0.310344827586207,0.5,true,false,
1TCO,1TCO_V2C006,4,0,3.83371423046841,1.81994820152223,0.508602150537634,0.258064516129032,0.612903225806452,true,false,
1TCO,1TCO_V2C007,3,0,9.16688060356412,3.93839050036094,0.263157894736842,0.25,0.315789473684211,true,true,diameter_gt_9A
1TCO,1TCO_V2C008,3,2,10.044507949572,1.56618099196435,0.714285714285714,0.571428571428571,0.714285714285714,true,true,diameter_gt_9A
1TCO,1TCO_V2C009,3,0,4.03833398282847,1.81367186343479,0.5,0.473684210526316,0.55,true,false,
1TCO,1TCO_V2C010,3,1,9.91796854199488,3.97560968082042,0.111111111111111,0.08,0.563636363636364,true,true,diameter_gt_9A;low_median_residue_iou
1TCO,1TCO_V2C011,3,0,6.3323078619429,3.8430636503798,0.30188679245283,0.173913043478261,0.559139784946237,true,false,
1TCO,1TCO_V2C012,3,2,9.60313114677422,2.80884963309125,0.214285714285714,0.153846153846154,0.358974358974359,true,true,diameter_gt_9A
1TCO,1TCO_V2C013,3,0,8.5446518540033,3.98715310246652,0.2,0.181818181818182,0.545454545454545,true,false,
1TCO,1TCO_V2C014,3,0,3.07923050777301,1.51473154057081,0.375,0.375,0.416666666666667,true,false,
1TCO,1TCO_V2C015,3,2,8.87486278429138,2.45279941274938,0.25,0.107142857142857,0.428571428571429,true,false,
1TCO,1TCO_V2C016,2,0,8.55884586913272,6.05201795319421,0.2,0.2,0.2,true,true,dispersion_gt_4A
1TCO,1TCO_V2C017,2,2,7.33585389608098,1.01651664033509,0.583333333333333,0.583333333333333,0.583333333333333,true,false,
1TCO,1TCO_V2C018,2,1,7.99286362951352,0.487631520720312,0.25,0.25,0.25,true,false,
1TCO,1TCO_V2C019,2,0,3.95421687202482,2.79605356449101,0.5,0.5,0.5,true,false,
1TCO,1TCO_V2C020,2,0,4.28519487553155,3.03009035519421,0.545454545454545,0.545454545454545,0.545454545454545,true,false,
1TCO,1TCO_V2C021,2,1,4.65696942565463,0.339016305736986,0.666666666666667,0.666666666666667,0.666666666666667,true,false,
1TCO,1TCO_V2C022,2,0,5.88779602393261,4.16330049476594,0.275,0.275,0.275,true,true,dispersion_gt_4A
1TCO,1TCO_V2C023,2,0,2.99228942656714,2.11586814479843,0.714285714285714,0.714285714285714,0.714285714285714,true,false,
1TCO,1TCO_V2C024,2,0,1.4197095323516,1.003886237641,0.6,0.6,0.6,true,false,
1TCO,1TCO_V2C025,2,2,8.27236349793549,1.94229861246926,0.210526315789474,0.210526315789474,0.210526315789474,true,false,
1TCO,1TCO_V2C026,2,0,4.2904322093431,3.03379370944769,0.380952380952381,0.380952380952381,0.380952380952381,true,false,
1TCO,1TCO_V2C027,2,0,0.94426562680452,0.667696627954842,1,1,1,true,false,
1TCO,1TCO_V2C028,2,0,5.50324954509206,3.89138507189638,0.363636363636364,0.363636363636364,0.363636363636364,true,false,
1TCO,1TCO_V2C029,2,2,8.45034068757163,5.9752932035185,0.25,0.25,0.25,true,true,dispersion_gt_4A
1TCO,1TCO_V2C030,1,0,0,0,,,1,true,false,
1TCO,1TCO_V2C031,1,0,0,0,,,1,true,false,
1TCO,1TCO_V2C032,1,0,0,0,,,1,true,false,
1TCO,1TCO_V2C033,1,0,0,0,,,1,true,false,
1TCO,1TCO_V2C034,1,0,0,0,,,1,true,false,
1TCO,1TCO_V2C035,1,0,0,0,,,1,true,false,
1TCO,1TCO_V2C036,1,0,0,0,,,1,true,false,
1TCO,1TCO_V2C037,1,0,0,0,,,1,true,false,
1TCO,1TCO_V2C038,1,0,0,0,,,1,true,false,
1TCO,1TCO_V2C039,1,0,0,0,,,1,true,false,
1TCO,1TCO_V2C040,1,0,0,0,,,1,true,false,
1TCO,1TCO_V2C041,1,0,0,0,,,1,true,false,
1TCO,1TCO_V2C042,1,0,0,0,,,1,true,false,
1TCO,1TCO_V2C043,1,0,0,0,,,1,true,false,
1TCO,1TCO_V2C044,1,0,0,0,,,1,true,false,
1TCO,1TCO_V2C045,1,0,0,0,,,1,true,false,
1TCO,1TCO_V2C046,1,0,0,0,,,1,true,false,
1TCO,1TCO_V2C047,1,0,0,0,,,1,true,false,
1TCO,1TCO_V2C048,1,0,0,0,,,1,true,false,
1TCO,1TCO_V2C049,1,0,0,0,,,1,true,false,
1TCO,1TCO_V2C050,1,0,0,0,,,1,true,false,
1TCO,1TCO_V2C051,1,0,0,0,,,1,true,false,
1TCO,1TCO_V2C052,1,0,0,0,,,1,true,false,
1TCO,1TCO_V2C053,1,0,0,0,,,1,true,false,
1TCO,1TCO_V2C054,1,0,0,0,,,1,true,false,
1TCO,1TCO_V2C055,1,0,0,0,,,1,true,false,
1TCO,1TCO_V2C056,1,0,0,0,,,1,true,false,
1TCO,1TCO_V2C057,1,0,0,0,,,1,true,false,
1TCO,1TCO_V2C058,1,0,0,0,,,1,true,false,
1TCO,1TCO_V2C059,1,0,0,0,,,1,true,false,
1TCO,1TCO_V2C060,1,0,0,0,,,1,true,false,
1TCO,1TCO_V2C061,1,0,0,0,,,1,true,false,
1TCO,1TCO_V2C062,1,0,0,0,,,1,true,false,
1TCO,1TCO_V2C063,1,0,0,0,,,1,true,false,
1TCO,1TCO_V2C064,1,0,0,0,,,1,true,false,
1TCO,1TCO_V2C065,1,0,0,0,,,1,true,false,
1TCO,1TCO_V2C066,1,0,0,0,,,1,true,false,
1TCO,1TCO_V2C067,1,0,0,0,,,1,true,false,
1TCO,1TCO_V2C068,1,0,0,0,,,1,true,false,
1TCO,1TCO_V2C069,1,0,0,0,,,1,true,false,
1TCO,1TCO_V2C070,1,0,0,0,,,1,true,false,
1TCO,1TCO_V2C071,1,0,0,0,,,1,true,false,
1TCO,1TCO_V2C072,1,0,0,0,,,1,true,false,
1TCO,1TCO_V2C073,1,0,0,0,,,1,true,false,
3DJI,3DJI_V2C001,5,0,5.17631041808844,2.47833419983834,0.576659038901602,0.448275862068966,0.413793103448276,true,false,
3DJI,3DJI_V2C002,5,0,4.83587171437035,1.98675129301844,0.717948717948718,0.32258064516129,0.419354838709677,true,false,
3DJI,3DJI_V2C003,5,0,3.00743073837052,1.17210261416462,0.769230769230769,0.344827586206897,0.448275862068966,true,false,
3DJI,3DJI_V2C004,4,1,5.85015936562194,0.968164449251068,0.543627450980392,0.191176470588235,0.220588235294118,true,false,
3DJI,3DJI_V2C005,3,0,2.91785880398624,1.58198531031059,0.5,0.409090909090909,0.5,true,false,
3DJI,3DJI_V2C006,3,0,5.85107757596838,3.41475761950977,0.285714285714286,0.181818181818182,0.636363636363636,true,false,
3DJI,3DJI_V2C007,3,0,1.54139709354858,0.776016720233956,0.19047619047619,0.0975609756097561,0.51219512195122,true,false,
3DJI,3DJI_V2C008,2,0,5.20384530899987,3.67967430623962,0.4,0.4,0.4,true,false,
3DJI,3DJI_V2C009,2,2,6.53893318349431,2.58140006752959,0.2,0.2,0.2,true,false,
3DJI,3DJI_V2C010,2,0,4.30001570694806,3.04057026559164,0.571428571428571,0.571428571428571,0.571428571428571,true,false,
3DJI,3DJI_V2C011,2,1,6.22457554387357,2.6893970642961,0.35,0.35,0.35,true,false,
3DJI,3DJI_V2C012,2,0,3.30303557387772,2.33559885278933,0.611111111111111,0.611111111111111,0.611111111111111,true,false,
3DJI,3DJI_V2C013,1,0,0,0,,,1,true,false,
3DJI,3DJI_V2C014,1,0,0,0,,,1,true,false,
3DJI,3DJI_V2C015,1,0,0,0,,,1,true,false,
3DJI,3DJI_V2C016,1,0,0,0,,,1,true,false,
3DJI,3DJI_V2C017,1,0,0,0,,,1,true,false,
3DJI,3DJI_V2C018,1,0,0,0,,,1,true,false,
3DJI,3DJI_V2C019,1,0,0,0,,,1,true,false,
3DJI,3DJI_V2C020,1,0,0,0,,,1,true,false,
3DJI,3DJI_V2C021,1,0,0,0,,,1,true,false,
3DJI,3DJI_V2C022,1,0,0,0,,,1,true,false,
3DJI,3DJI_V2C023,1,0,0,0,,,1,true,false,
3DJI,3DJI_V2C024,1,0,0,0,,,1,true,false,
3DJI,3DJI_V2C025,1,0,0,0,,,1,true,false,
3DJI,3DJI_V2C026,1,0,0,0,,,1,true,false,
3DJI,3DJI_V2C027,1,0,0,0,,,1,true,false,
3DJI,3DJI_V2C028,1,0,0,0,,,1,true,false,
3DJI,3DJI_V2C029,1,0,0,0,,,1,true,false,
3DJI,3DJI_V2C030,1,0,0,0,,,1,true,false,
3DJI,3DJI_V2C031,1,0,0,0,,,1,true,false,
3DJI,3DJI_V2C032,1,0,0,0,,,1,true,false,
3DJI,3DJI_V2C033,1,0,0,0,,,1,true,false,
3DJI,3DJI_V2C034,1,0,0,0,,,1,true,false,
3DJI,3DJI_V2C035,1,0,0,0,,,1,true,false,
3DJI,3DJI_V2C036,1,0,0,0,,,1,true,false,
3DJI,3DJI_V2C037,1,0,0,0,,,1,true,false,
3DJI,3DJI_V2C038,1,0,0,0,,,1,true,false,
3DJI,3DJI_V2C039,1,0,0,0,,,1,true,false,
3DJI,3DJI_V2C040,1,0,0,0,,,1,true,false,
3DJI,3DJI_V2C041,1,0,0,0,,,1,true,false,
3DJI,3DJI_V2C042,1,0,0,0,,,1,true,false,
3DJI,3DJI_V2C043,1,0,0,0,,,1,true,false,
3DJI,3DJI_V2C044,1,0,0,0,,,1,true,false,
3DJI,3DJI_V2C045,1,0,0,0,,,1,true,false,
3DJI,3DJI_V2C046,1,0,0,0,,,1,true,false,
3DJI,3DJI_V2C047,1,0,0,0,,,1,true,false,
3DJI,3DJI_V2C048,1,0,0,0,,,1,true,false,
4W9H,4W9H_V2C001,5,3,10.0230434534201,4.2985525828276,0.457516339869281,0.333333333333333,0.454545454545455,true,true,diameter_gt_9A;dispersion_gt_4A
4W9H,4W9H_V2C002,5,2,11.27699947287,2.14489935682136,0.7,0.259259259259259,0.37037037037037,true,true,diameter_gt_9A
4W9H,4W9H_V2C003,5,2,5.7250055221268,1.54454905856036,0.472463768115942,0.217391304347826,0.4375,true,false,
4W9H,4W9H_V2C004,5,0,1.95698347769251,1.02193893238692,0.818181818181818,0.428571428571429,0.523809523809524,true,false,
4W9H,4W9H_V2C005,5,2,11.3871276206978,2.11347894107302,0.483870967741935,0.161290322580645,0.451612903225806,true,true,diameter_gt_9A
4W9H,4W9H_V2C006,4,0,5.92610095713732,2.89090421546801,0.514705882352941,0.434782608695652,0.535714285714286,true,false,
4W9H,4W9H_V2C007,4,0,4.80020886915351,2.33604726391597,0.3875,0.210526315789474,0.526315789473684,true,false,
4W9H,4W9H_V2C008,4,2,8.31414457415794,2.87220320904411,0.343108504398827,0.172413793103448,0.387096774193548,true,false,
4W9H,4W9H_V2C009,4,1,6.71524548407261,3.50648039549154,0.397372742200328,0.272727272727273,0.620689655172414,true,false,
4W9H,4W9H_V2C010,4,1,9.35898535731132,3.07348587612957,0.56547619047619,0.428571428571429,0.535714285714286,true,true,diameter_gt_9A
4W9H,4W9H_V2C011,3,0,5.07858600497399,2.77539838204597,0.5,0.363636363636364,0.5,true,false,
4W9H,4W9H_V2C012,3,2,8.060125152392,1.00084905892818,0.764705882352941,0.705882352941177,0.764705882352941,true,false,
4W9H,4W9H_V2C013,3,0,1.06412104290252,0.796344659946459,0.727272727272727,0.533333333333333,0.733333333333333,true,false,
4W9H,4W9H_V2C014,3,1,7.38055667361886,0.849587802429723,0.451612903225806,0.387096774193548,0.451612903225806,true,false,
4W9H,4W9H_V2C015,2,0,2.72202001870823,1.92475881375412,0.333333333333333,0.333333333333333,0.333333333333333,true,false,
4W9H,4W9H_V2C016,2,0,3.07258439102981,2.17264525866512,0.416666666666667,0.416666666666667,0.416666666666667,true,false,
4W9H,4W9H_V2C017,1,0,0,0,,,1,true,false,
4W9H,4W9H_V2C018,1,0,0,0,,,1,true,false,
4W9H,4W9H_V2C019,1,0,0,0,,,1,true,false,
4W9H,4W9H_V2C020,1,0,0,0,,,1,true,false,
4W9H,4W9H_V2C021,1,0,0,0,,,1,true,false,
4W9H,4W9H_V2C022,1,0,0,0,,,1,true,false,
4W9H,4W9H_V2C023,1,0,0,0,,,1,true,false,
4W9H,4W9H_V2C024,1,0,0,0,,,1,true,false,
4W9H,4W9H_V2C025,1,0,0,0,,,1,true,false,
4W9H,4W9H_V2C026,1,0,0,0,,,1,true,false,
4W9H,4W9H_V2C027,1,0,0,0,,,1,true,false,
4W9H,4W9H_V2C028,1,0,0,0,,,1,true,false,
4W9H,4W9H_V2C029,1,0,0,0,,,1,true,false,
4W9H,4W9H_V2C030,1,0,0,0,,,1,true,false,
4W9H,4W9H_V2C031,1,0,0,0,,,1,true,false,
4W9H,4W9H_V2C032,1,0,0,0,,,1,true,false,
4W9H,4W9H_V2C033,1,0,0,0,,,1,true,false,
4W9H,4W9H_V2C034,1,0,0,0,,,1,true,false,
4W9H,4W9H_V2C035,1,0,0,0,,,1,true,false,
4W9H,4W9H_V2C036,1,0,0,0,,,1,true,false,
4W9H,4W9H_V2C037,1,0,0,0,,,1,true,false,
4W9H,4W9H_V2C038,1,0,0,0,,,1,true,false,
5J89,5J89_V2C001,4,1,8.70837149136315,2.46360193790318,0.488095238095238,0.238095238095238,0.476190476190476,true,false,
5J89,5J89_V2C002,4,1,10.9761452301606,3.21746330203618,0.382783882783883,0.272727272727273,0.404761904761905,true,true,diameter_gt_9A
5J89,5J89_V2C003,4,1,11.0839027422655,3.2452894134064,0.479967948717949,0.326923076923077,0.538461538461538,true,true,diameter_gt_9A
5J89,5J89_V2C004,4,0,11.3345035059713,5.65244302668725,0.434210526315789,0.263157894736842,0.578947368421053,true,true,diameter_gt_9A;dispersion_gt_4A
5J89,5J89_V2C005,2,0,1.04191620195722,0.736746011832085,0.8125,0.8125,0.8125,true,false,
5J89,5J89_V2C006,2,0,7.31181919907761,5.17023693847777,0.2,0.2,0.2,true,true,dispersion_gt_4A
5J89,5J89_V2C007,2,0,0.51764569146556,0.366030778687297,0.428571428571429,0.428571428571429,0.428571428571429,true,false,
5J89,5J89_V2C008,2,0,1.85493830549361,1.31163945449721,0.75,0.75,0.75,true,false,
5J89,5J89_V2C009,1,0,0,0,,,1,true,false,
5J89,5J89_V2C010,1,0,0,0,,,1,true,false,
5J89,5J89_V2C011,1,0,0,0,,,,true,false,
5J89,5J89_V2C012,1,0,0,0,,,1,true,false,
5J89,5J89_V2C013,1,0,0,0,,,1,true,false,
5J89,5J89_V2C014,1,0,0,0,,,,true,false,
5J89,5J89_V2C015,1,0,0,0,,,,true,false,
5J89,5J89_V2C016,1,0,0,0,,,1,true,false,
5J89,5J89_V2C017,1,0,0,0,,,1,true,false,
5J89,5J89_V2C018,1,0,0,0,,,1,true,false,
5J89,5J89_V2C019,1,0,0,0,,,,true,false,
5J89,5J89_V2C020,1,0,0,0,,,1,true,false,
5J89,5J89_V2C021,1,0,0,0,,,1,true,false,
5J89,5J89_V2C022,1,0,0,0,,,1,true,false,
5J89,5J89_V2C023,1,0,0,0,,,1,true,false,
5J89,5J89_V2C024,1,0,0,0,,,,true,false,
5LGE,5LGE_V2C001,5,4,11.4178984189542,1.51568334368422,0.565789473684211,0.163636363636364,0.203389830508475,true,true,diameter_gt_9A
5LGE,5LGE_V2C002,5,2,11.1803040432718,2.60307956814451,0.62280701754386,0.289473684210526,0.41025641025641,true,true,diameter_gt_9A
5LGE,5LGE_V2C003,5,0,3.53636876265896,1.52948651796176,0.575,0.233333333333333,0.4,true,false,
5LGE,5LGE_V2C004,5,0,7.2861879474689,3.193105133938,0.333333333333333,0.179487179487179,0.256410256410256,true,false,
5LGE,5LGE_V2C005,4,0,2.82895297941668,1.69493598896265,0.655677655677656,0.428571428571429,0.619047619047619,true,false,
5LGE,5LGE_V2C006,4,0,11.1735299709176,5.58428704044744,0.422064777327935,0.256,0.621621621621622,true,true,diameter_gt_9A;dispersion_gt_4A
5LGE,5LGE_V2C007,4,0,9.57150274721791,5.32013659223006,0.369318181818182,0.1875,0.789473684210526,true,true,diameter_gt_9A;dispersion_gt_4A
5LGE,5LGE_V2C008,4,0,5.46369146154793,2.692340538003,0.454545454545455,0.204545454545455,0.431818181818182,true,false,
5LGE,5LGE_V2C009,4,2,11.4469927552562,2.77737085602964,0.568236714975845,0.384615384615385,0.512820512820513,true,true,diameter_gt_9A
5LGE,5LGE_V2C010,4,0,4.26889590170482,1.63473270750702,0.555555555555556,0.296296296296296,0.444444444444444,true,false,
5LGE,5LGE_V2C011,4,3,11.0502965173994,2.05612468872989,0.455357142857143,0.222222222222222,0.339285714285714,true,true,diameter_gt_9A
5LGE,5LGE_V2C012,4,0,2.81286036507148,1.57553546710745,0.654761904761905,0.428571428571429,0.666666666666667,true,false,
5LGE,5LGE_V2C013,3,0,6.41078242592119,3.29202393002137,0.222222222222222,0.181818181818182,0.727272727272727,true,false,
5LGE,5LGE_V2C014,3,0,6.1704899521837,3.46732948391122,0.444444444444444,0.3,0.9,true,false,
5LGE,5LGE_V2C015,3,0,5.95530936425606,2.65009603104573,0.107843137254902,0.0980392156862745,0.107843137254902,true,true,low_core_envelope_ratio;low_median_residue_iou
5LGE,5LGE_V2C016,3,0,8.33287558648499,4.79826550545056,0.785714285714286,0.785714285714286,0.785714285714286,true,true,dispersion_gt_4A
5LGE,5LGE_V2C017,3,1,9.66833500182465,3.52673097315005,0.235294117647059,0.10958904109589,0.465753424657534,true,true,diameter_gt_9A
5LGE,5LGE_V2C018,3,3,9.8363720763806,0.65312267885229,0.8,0.666666666666667,0.833333333333333,true,true,diameter_gt_9A
5LGE,5LGE_V2C019,3,1,10.8478730826171,1.99274641303571,0.333333333333333,0.19047619047619,0.333333333333333,true,true,diameter_gt_9A
5LGE,5LGE_V2C020,3,5,11.0797107753652,1.47211947510844,0.461538461538462,0.416666666666667,0.785714285714286,true,true,diameter_gt_9A
5LGE,5LGE_V2C021,2,2,9.35475117296024,2.00055016144171,0.5625,0.5625,0.5625,true,true,diameter_gt_9A
5LGE,5LGE_V2C022,2,1,5.68480287422088,0.440874408924427,0.583333333333333,0.583333333333333,0.583333333333333,true,false,
5LGE,5LGE_V2C023,2,0,1.04229883150972,0.737016571783337,0.727272727272727,0.727272727272727,0.727272727272727,true,false,
5LGE,5LGE_V2C024,2,0,2.42101560337762,1.71191655050675,0.618181818181818,0.618181818181818,0.618181818181818,true,false,
5LGE,5LGE_V2C025,2,1,8.97579522939333,1.07832459332592,0.7,0.7,0.7,true,false,
5LGE,5LGE_V2C026,2,2,7.69554793968657,3.0647055074219,0.636363636363636,0.636363636363636,0.636363636363636,true,false,
5LGE,5LGE_V2C027,2,0,1.83035711802386,1.29425793014774,0.875,0.875,0.875,true,false,
5LGE,5LGE_V2C028,2,0,6.1226237023028,4.32934873855179,0.3,0.3,0.3,true,true,dispersion_gt_4A
5LGE,5LGE_V2C029,2,2,11.4682929840822,0.441606536787409,0.583333333333333,0.583333333333333,0.583333333333333,true,true,diameter_gt_9A
5LGE,5LGE_V2C030,2,0,5.03250656293528,3.55851951701734,0.704225352112676,0.704225352112676,0.704225352112676,true,false,
5LGE,5LGE_V2C031,2,0,2.77043317919525,1.95899208783317,0.818181818181818,0.818181818181818,0.818181818181818,true,false,
5LGE,5LGE_V2C032,2,0,5.31430897954365,3.75778391675588,0.204081632653061,0.204081632653061,0.204081632653061,true,false,
5LGE,5LGE_V2C033,2,0,5.07466915177728,3.5883329694999,0.285714285714286,0.285714285714286,0.285714285714286,true,false,
5LGE,5LGE_V2C034,1,0,0,0,,,1,true,false,
5LGE,5LGE_V2C035,1,0,0,0,,,1,true,false,
5LGE,5LGE_V2C036,1,0,0,0,,,1,true,false,
5LGE,5LGE_V2C037,1,0,0,0,,,1,true,false,
5LGE,5LGE_V2C038,1,0,0,0,,,1,true,false,
5LGE,5LGE_V2C039,1,0,0,0,,,1,true,false,
5LGE,5LGE_V2C040,1,0,0,0,,,1,true,false,
5LGE,5LGE_V2C041,1,0,0,0,,,1,true,false,
5LGE,5LGE_V2C042,1,0,0,0,,,1,true,false,
5LGE,5LGE_V2C043,1,0,0,0,,,1,true,false,
5LGE,5LGE_V2C044,1,0,0,0,,,1,true,false,
5LGE,5LGE_V2C045,1,0,0,0,,,1,true,false,
5LGE,5LGE_V2C046,1,0,0,0,,,1,true,false,
5LGE,5LGE_V2C047,1,0,0,0,,,1,true,false,
5LGE,5LGE_V2C048,1,0,0,0,,,1,true,false,
5LGE,5LGE_V2C049,1,0,0,0,,,1,true,false,
5LGE,5LGE_V2C050,1,0,0,0,,,1,true,false,
5LGE,5LGE_V2C051,1,0,0,0,,,1,true,false,
5LGE,5LGE_V2C052,1,0,0,0,,,1,true,false,
5LGE,5LGE_V2C053,1,0,0,0,,,1,true,false,
5LGE,5LGE_V2C054,1,0,0,0,,,1,true,false,
5LGE,5LGE_V2C055,1,0,0,0,,,1,true,false,
5LGE,5LGE_V2C056,1,0,0,0,,,1,true,false,
5LGE,5LGE_V2C057,1,0,0,0,,,1,true,false,
5LGE,5LGE_V2C058,1,0,0,0,,,1,true,false,
5LGE,5LGE_V2C059,1,0,0,0,,,1,true,false,
5LGE,5LGE_V2C060,1,0,0,0,,,1,true,false,
5LGE,5LGE_V2C061,1,0,0,0,,,1,true,false,
5LGE,5LGE_V2C062,1,0,0,0,,,1,true,false,
5LGE,5LGE_V2C063,1,0,0,0,,,1,true,false,
5LGE,5LGE_V2C064,1,0,0,0,,,1,true,false,
5LGE,5LGE_V2C065,1,0,0,0,,,1,true,false,
5LGE,5LGE_V2C066,1,0,0,0,,,1,true,false,
5LGE,5LGE_V2C067,1,0,0,0,,,1,true,false,
5LGE,5LGE_V2C068,1,0,0,0,,,1,true,false,
5LGE,5LGE_V2C069,1,0,0,0,,,1,true,false,
5LGE,5LGE_V2C070,1,0,0,0,,,1,true,false,
5LGE,5LGE_V2C071,1,0,0,0,,,1,true,false,
5LGE,5LGE_V2C072,1,0,0,0,,,1,true,false,
5LGE,5LGE_V2C073,1,0,0,0,,,1,true,false,
5LGE,5LGE_V2C074,1,0,0,0,,,1,true,false,
5LGE,5LGE_V2C075,1,0,0,0,,,1,true,false,
5LGE,5LGE_V2C076,1,0,0,0,,,1,true,false,
5LGE,5LGE_V2C077,1,0,0,0,,,1,true,false,
5LGE,5LGE_V2C078,1,0,0,0,,,1,true,false,
5LGE,5LGE_V2C079,1,0,0,0,,,1,true,false,
5LGE,5LGE_V2C080,1,0,0,0,,,1,true,false,
5LGE,5LGE_V2C081,1,0,0,0,,,1,true,false,
5LGE,5LGE_V2C082,1,0,0,0,,,1,true,false,
5LGE,5LGE_V2C083,1,0,0,0,,,1,true,false,
5LGE,5LGE_V2C084,1,0,0,0,,,1,true,false,
5LGE,5LGE_V2C085,1,0,0,0,,,1,true,false,
5LGE,5LGE_V2C086,1,0,0,0,,,1,true,false,
5LGE,5LGE_V2C087,1,0,0,0,,,1,true,false,
5LGE,5LGE_V2C088,1,0,0,0,,,1,true,false,
5LGE,5LGE_V2C089,1,0,0,0,,,1,true,false,
5LGE,5LGE_V2C090,1,0,0,0,,,1,true,false,
5LGE,5LGE_V2C091,1,0,0,0,,,1,true,false,
5LGE,5LGE_V2C092,1,0,0,0,,,1,true,false,
5LGE,5LGE_V2C093,1,0,0,0,,,1,true,false,
5LGE,5LGE_V2C094,1,0,0,0,,,1,true,false,
5LGE,5LGE_V2C095,1,0,0,0,,,1,true,false,
5LGE,5LGE_V2C096,1,0,0,0,,,1,true,false,
5NIU,5NIU_V2C001,4,0,11.3091303860439,5.06187529703494,0.37797619047619,0.257142857142857,0.404761904761905,true,true,diameter_gt_9A;dispersion_gt_4A
5NIU,5NIU_V2C002,4,3,10.0936191167002,4.76866960956803,0.389200561009818,0.216216216216216,0.714285714285714,true,true,diameter_gt_9A;dispersion_gt_4A
5NIU,5NIU_V2C003,3,0,8.83272630335849,4.83823328878221,0.260869565217391,0.2,0.826086956521739,true,true,dispersion_gt_4A
5NIU,5NIU_V2C004,3,0,9.83305586326041,4.35770763934434,0.25,0.0769230769230769,0.541666666666667,true,true,diameter_gt_9A;dispersion_gt_4A
5NIU,5NIU_V2C005,2,0,8.7559977595043,6.19142539179971,0.230769230769231,0.230769230769231,0.230769230769231,true,true,dispersion_gt_4A
5NIU,5NIU_V2C006,2,0,3.69684504003075,2.6140641968016,0.571428571428571,0.571428571428571,0.571428571428571,true,false,
5NIU,5NIU_V2C007,2,0,5.79967072926543,4.10098650131271,0.375,0.375,0.375,true,true,dispersion_gt_4A
5NIU,5NIU_V2C008,2,4,11.8953024382293,3.72366627378423,0.2,0.2,0.2,true,true,diameter_gt_9A
5NIU,5NIU_V2C009,1,0,0,0,,,1,true,false,
5NIU,5NIU_V2C010,1,0,0,0,,,1,true,false,
5NIU,5NIU_V2C011,1,0,0,0,,,1,true,false,
5NIU,5NIU_V2C012,1,0,0,0,,,1,true,false,
5NIU,5NIU_V2C013,1,0,0,0,,,1,true,false,
5NIU,5NIU_V2C014,1,0,0,0,,,1,true,false,
5NIU,5NIU_V2C015,1,0,0,0,,,1,true,false,
5NIU,5NIU_V2C016,1,0,0,0,,,1,true,false,
5NIU,5NIU_V2C017,1,0,0,0,,,,true,false,
5NIU,5NIU_V2C018,1,0,0,0,,,1,true,false,
5NIU,5NIU_V2C019,1,0,0,0,,,1,true,false,
5NIU,5NIU_V2C020,1,0,0,0,,,1,true,false,
5NIU,5NIU_V2C021,1,0,0,0,,,1,true,false,
5NIU,5NIU_V2C022,1,0,0,0,,,1,true,false,
5NIU,5NIU_V2C023,1,0,0,0,,,1,true,false,
5NIU,5NIU_V2C024,1,0,0,0,,,,true,false,
5TBM,5TBM_V2C001,5,0,9.1933654882203,4.08118505152953,0.710526315789474,0.222222222222222,0.486486486486487,true,true,diameter_gt_9A;dispersion_gt_4A
5TBM,5TBM_V2C002,5,1,4.46849056303626,0.63435952901628,0.5,0.229166666666667,0.520833333333333,true,false,
5TBM,5TBM_V2C003,4,1,8.33621165518247,3.48778068511166,0.476626016260163,0.292682926829268,0.583333333333333,true,false,
5TBM,5TBM_V2C004,3,0,2.74580471383011,1.3699295459207,0.818181818181818,0.75,0.916666666666667,true,false,
5TBM,5TBM_V2C005,3,1,7.33380599152216,2.63910427205828,0.357142857142857,0.25,0.357142857142857,true,false,
5TBM,5TBM_V2C006,2,2,9.99270853662604,2.69576208792503,0.4,0.4,0.4,true,true,diameter_gt_9A
5TBM,5TBM_V2C007,2,0,4.22592316097915,2.98817892390165,0.15,0.15,0.15,true,true,low_core_envelope_ratio
5TBM,5TBM_V2C008,2,1,8.10979257186525,2.45858715073879,0.4,0.4,0.4,true,false,
5TBM,5TBM_V2C009,1,0,0,0,,,1,true,false,
5TBM,5TBM_V2C010,1,0,0,0,,,1,true,false,
5TBM,5TBM_V2C011,1,0,0,0,,,1,true,false,
5TBM,5TBM_V2C012,1,0,0,0,,,1,true,false,
5TBM,5TBM_V2C013,1,0,0,0,,,1,true,false,
5TBM,5TBM_V2C014,1,0,0,0,,,1,true,false,
5TBM,5TBM_V2C015,1,0,0,0,,,1,true,false,
5TBM,5TBM_V2C016,1,0,0,0,,,1,true,false,
5TBM,5TBM_V2C017,1,0,0,0,,,1,true,false,
5TBM,5TBM_V2C018,1,0,0,0,,,1,true,false,
5TBM,5TBM_V2C019,1,0,0,0,,,1,true,false,
5TBM,5TBM_V2C020,1,0,0,0,,,1,true,false,
5TBM,5TBM_V2C021,1,0,0,0,,,1,true,false,
5TBM,5TBM_V2C022,1,0,0,0,,,1,true,false,
5TBM,5TBM_V2C023,1,0,0,0,,,1,true,false,
6E3S,6E3S_V2C001,4,2,8.55724252695123,2.57487387325036,0.354166666666667,0.19047619047619,0.428571428571429,true,false,
6E3S,6E3S_V2C002,4,1,9.99835002533096,5.12644357487895,0.513742071881607,0.186046511627907,0.255813953488372,true,true,diameter_gt_9A;dispersion_gt_4A
6E3S,6E3S_V2C003,4,2,8.7647195422608,2.26588419704133,0.511111111111111,0.259259259259259,0.555555555555556,true,false,
6E3S,6E3S_V2C004,4,3,11.2455138898237,3.99482365094657,0.293506493506493,0.2,0.314285714285714,true,true,diameter_gt_9A
6E3S,6E3S_V2C005,4,2,9.79554856587522,2.59100820956872,0.35462962962963,0.101851851851852,0.614035087719298,true,true,diameter_gt_9A
6E3S,6E3S_V2C006,4,1,4.49478661798586,1.02981751931892,0.728851540616247,0.529411764705882,0.686274509803922,true,false,
6E3S,6E3S_V2C007,4,1,11.6969284647425,4.76883420410653,0.415991902834008,0.258064516129032,0.629032258064516,true,true,diameter_gt_9A;dispersion_gt_4A
6E3S,6E3S_V2C008,3,0,2.08080212433491,1.41002855263051,0.5,0.5,0.5625,true,false,
6E3S,6E3S_V2C009,3,2,8.55068809173359,2.31695774698756,0.391304347826087,0.391304347826087,0.391304347826087,true,false,
6E3S,6E3S_V2C010,3,0,3.55514975710093,1.83515989400566,0.625,0.5,0.625,true,false,
6E3S,6E3S_V2C011,3,4,9.46361815118405,3.53295650739511,0.222222222222222,0.222222222222222,0.631578947368421,true,true,diameter_gt_9A
6E3S,6E3S_V2C012,3,1,8.55844813879965,3.71754858759775,0.5,0.357142857142857,0.5,true,false,
6E3S,6E3S_V2C013,3,0,11.6817728796109,5.7009876100478,0.25,0.16,0.366666666666667,true,true,diameter_gt_9A;dispersion_gt_4A
6E3S,6E3S_V2C014,3,5,7.36592612584332,4.27161199732019,0.272727272727273,0.25,0.454545454545455,true,true,dispersion_gt_4A
6E3S,6E3S_V2C015,2,0,7.35038726758042,5.19750868125337,0.208333333333333,0.208333333333333,0.208333333333333,true,true,dispersion_gt_4A
6E3S,6E3S_V2C016,2,0,1.29305968359303,0.914331270747566,0.785714285714286,0.785714285714286,0.785714285714286,true,false,
6E3S,6E3S_V2C017,2,0,6.37833542297754,4.51016423026979,0.25,0.25,0.25,true,true,dispersion_gt_4A
6E3S,6E3S_V2C018,2,0,4.00185970608518,2.82974213553003,0.285714285714286,0.285714285714286,0.285714285714286,true,false,
6E3S,6E3S_V2C019,2,0,5.60609887042007,3.96411052727628,0.266666666666667,0.266666666666667,0.266666666666667,true,false,
6E3S,6E3S_V2C020,2,1,6.76213629393782,1.21491196776202,0.777777777777778,0.777777777777778,0.777777777777778,true,false,
6E3S,6E3S_V2C021,2,2,7.25420193695127,1.09296618672229,0.555555555555556,0.555555555555556,0.555555555555556,true,false,
6E3S,6E3S_V2C022,2,1,4.71477521465997,0.882528814628963,0.692307692307692,0.692307692307692,0.692307692307692,true,false,
6E3S,6E3S_V2C023,2,0,8.03888868043522,5.68435269913952,0.230769230769231,0.230769230769231,0.230769230769231,true,true,dispersion_gt_4A
6E3S,6E3S_V2C024,2,1,5.24540309964647,3.61879471473021,0.2,0.2,0.2,true,false,
6E3S,6E3S_V2C025,2,1,7.8512355715518,1.69684133337023,0.5,0.5,0.5,true,false,
6E3S,6E3S_V2C026,2,1,9.80500351861233,3.6477769149835,0.235294117647059,0.235294117647059,0.235294117647059,true,true,diameter_gt_9A
6E3S,6E3S_V2C027,2,0,0.907139842664712,0.641444734232716,0.5,0.5,0.5,true,false,
6E3S,6E3S_V2C028,2,2,7.4209326498477,0.433524844079204,0.615384615384615,0.615384615384615,0.615384615384615,true,false,
6E3S,6E3S_V2C029,2,0,5.77998246565173,4.08706479660168,0.181818181818182,0.181818181818182,0.181818181818182,true,true,dispersion_gt_4A;low_core_envelope_ratio
6E3S,6E3S_V2C030,2,0,1.68363475456379,1.1905095519934,0.777777777777778,0.777777777777778,0.777777777777778,true,false,
6E3S,6E3S_V2C031,1,0,0,0,,,1,true,false,
6E3S,6E3S_V2C032,1,0,0,0,,,1,true,false,
6E3S,6E3S_V2C033,1,0,0,0,,,1,true,false,
6E3S,6E3S_V2C034,1,0,0,0,,,1,true,false,
6E3S,6E3S_V2C035,1,0,0,0,,,1,true,false,
6E3S,6E3S_V2C036,1,0,0,0,,,1,true,false,
6E3S,6E3S_V2C037,1,0,0,0,,,1,true,false,
6E3S,6E3S_V2C038,1,0,0,0,,,1,true,false,
6E3S,6E3S_V2C039,1,0,0,0,,,1,true,false,
6E3S,6E3S_V2C040,1,0,0,0,,,1,true,false,
6E3S,6E3S_V2C041,1,0,0,0,,,1,true,false,
6E3S,6E3S_V2C042,1,0,0,0,,,1,true,false,
6E3S,6E3S_V2C043,1,0,0,0,,,1,true,false,
6E3S,6E3S_V2C044,1,0,0,0,,,,true,false,
6E3S,6E3S_V2C045,1,0,0,0,,,1,true,false,
6E3S,6E3S_V2C046,1,0,0,0,,,1,true,false,
6E3S,6E3S_V2C047,1,0,0,0,,,1,true,false,
6E3S,6E3S_V2C048,1,0,0,0,,,1,true,false,
6E3S,6E3S_V2C049,1,0,0,0,,,1,true,false,
6E3S,6E3S_V2C050,1,0,0,0,,,1,true,false,
6E3S,6E3S_V2C051,1,0,0,0,,,1,true,false,
6E3S,6E3S_V2C052,1,0,0,0,,,1,true,false,
6E3S,6E3S_V2C053,1,0,0,0,,,1,true,false,
6E3S,6E3S_V2C054,1,0,0,0,,,1,true,false,
6E3S,6E3S_V2C055,1,0,0,0,,,1,true,false,
6E3S,6E3S_V2C056,1,0,0,0,,,,true,false,
6E3S,6E3S_V2C057,1,0,0,0,,,1,true,false,
6E3S,6E3S_V2C058,1,0,0,0,,,1,true,false,
6E3S,6E3S_V2C059,1,0,0,0,,,1,true,false,
6E3S,6E3S_V2C060,1,0,0,0,,,1,true,false,
6E3S,6E3S_V2C061,1,0,0,0,,,1,true,false,
6E3S,6E3S_V2C062,1,0,0,0,,,1,true,false,
6E3S,6E3S_V2C063,1,0,0,0,,,1,true,false,
6E3S,6E3S_V2C064,1,0,0,0,,,1,true,false,
6E3S,6E3S_V2C065,1,0,0,0,,,1,true,false,
6E3S,6E3S_V2C066,1,0,0,0,,,1,true,false,
6E3S,6E3S_V2C067,1,0,0,0,,,1,true,false,
6E3S,6E3S_V2C068,1,0,0,0,,,1,true,false,
6E3S,6E3S_V2C069,1,0,0,0,,,1,true,false,
6E3S,6E3S_V2C070,1,0,0,0,,,1,true,false,
6E3S,6E3S_V2C071,1,0,0,0,,,1,true,false,
6E3S,6E3S_V2C072,1,0,0,0,,,1,true,false,
6E3S,6E3S_V2C073,1,0,0,0,,,1,true,false,
6E3S,6E3S_V2C074,1,0,0,0,,,,true,false,
6E3S,6E3S_V2C075,1,0,0,0,,,,true,false,
6E3S,6E3S_V2C076,1,0,0,0,,,1,true,false,
6E3S,6E3S_V2C077,1,0,0,0,,,,true,false,
6E3S,6E3S_V2C078,1,0,0,0,,,1,true,false,
6E3S,6E3S_V2C079,1,0,0,0,,,1,true,false,
6E3S,6E3S_V2C080,1,0,0,0,,,1,true,false,
6E3S,6E3S_V2C081,1,0,0,0,,,1,true,false,
6R3K,6R3K_V2C001,5,0,7.23575131831817,3.38294509920538,0.269230769230769,0.115384615384615,0.269230769230769,true,false,
6R3K,6R3K_V2C002,5,4,9.55587253537423,2.79353727705358,0.395652173913044,0.217391304347826,0.423076923076923,true,true,diameter_gt_9A
6R3K,6R3K_V2C003,5,1,9.23756057263129,2.47789734977034,0.609243697478992,0.458333333333333,0.541666666666667,true,true,diameter_gt_9A
6R3K,6R3K_V2C004,5,0,6.86774409534774,3.45326350687746,0.304347826086957,0.166666666666667,0.291666666666667,true,false,
6R3K,6R3K_V2C005,4,1,11.0595301914152,4.1340818704322,0.299562226391495,0.2,0.469135802469136,true,true,diameter_gt_9A;dispersion_gt_4A
6R3K,6R3K_V2C006,3,3,11.3303459077333,1.36949545994678,0.210526315789474,0.19047619047619,0.666666666666667,true,true,diameter_gt_9A
6R3K,6R3K_V2C007,2,1,6.88224941425403,1.87046689525637,0.235294117647059,0.235294117647059,0.235294117647059,true,false,
6R3K,6R3K_V2C008,2,0,4.7809272752376,3.38062609668023,0.5,0.5,0.5,true,false,
6R3K,6R3K_V2C009,2,0,6.19087321871,4.37760843441603,0.3,0.3,0.3,true,true,dispersion_gt_4A
6R3K,6R3K_V2C010,2,1,11.9143023295533,3.11734783108976,0.153846153846154,0.153846153846154,0.153846153846154,true,true,diameter_gt_9A;low_core_envelope_ratio
6R3K,6R3K_V2C011,2,0,7.19556281751952,5.08803126272183,0.230769230769231,0.230769230769231,0.230769230769231,true,true,dispersion_gt_4A
6R3K,6R3K_V2C012,1,0,0,0,,,1,true,false,
6R3K,6R3K_V2C013,1,0,0,0,,,1,true,false,
6R3K,6R3K_V2C014,1,0,0,0,,,1,true,false,
6R3K,6R3K_V2C015,1,0,0,0,,,1,true,false,
6R3K,6R3K_V2C016,1,0,0,0,,,1,true,false,
6R3K,6R3K_V2C017,1,0,0,0,,,1,true,false,
6R3K,6R3K_V2C018,1,0,0,0,,,1,true,false,
6R3K,6R3K_V2C019,1,0,0,0,,,1,true,false,
6R3K,6R3K_V2C020,1,0,0,0,,,1,true,false,
6R3K,6R3K_V2C021,1,0,0,0,,,1,true,false,
6R3K,6R3K_V2C022,1,0,0,0,,,1,true,false,
6R3K,6R3K_V2C023,1,0,0,0,,,1,true,false,
6R3K,6R3K_V2C024,1,0,0,0,,,1,true,false,
6R3K,6R3K_V2C025,1,0,0,0,,,1,true,false,
6R3K,6R3K_V2C026,1,0,0,0,,,1,true,false,
6WKQ,6WKQ_V2C001,3,0,2.1148624068719,1.09018087184344,0.421052631578947,0.195121951219512,0.463414634146341,true,false,
6WKQ,6WKQ_V2C002,3,1,6.74170920464536,3.77164522014819,0.290322580645161,0.214285714285714,0.611111111111111,true,false,
6WKQ,6WKQ_V2C003,3,0,5.15033620261824,2.81941146340863,0.266666666666667,0.25,0.46875,true,false,
6WKQ,6WKQ_V2C004,3,2,11.3073117937023,4.9018208521596,0.294117647058824,0.228571428571429,0.371428571428571,true,true,diameter_gt_9A;dispersion_gt_4A
6WKQ,6WKQ_V2C005,3,1,7.07437629759684,1.42139403403842,0.307692307692308,0.243243243243243,0.702702702702703,true,false,
6WKQ,6WKQ_V2C006,2,0,1.64918161522617,1.16614750353461,0.428571428571429,0.428571428571429,0.428571428571429,true,false,
6WKQ,6WKQ_V2C007,2,0,1.31278330275792,0.928277975608601,0.391304347826087,0.391304347826087,0.391304347826087,true,false,
6WKQ,6WKQ_V2C008,2,0,4.88160834152024,3.45181836138578,0.382352941176471,0.382352941176471,0.382352941176471,true,false,
6WKQ,6WKQ_V2C009,2,0,1.53678235283985,1.08666922290088,0.517241379310345,0.517241379310345,0.517241379310345,true,false,
6WKQ,6WKQ_V2C010,2,0,0.963016095400286,0.680955211449333,0.56,0.56,0.56,true,false,
6WKQ,6WKQ_V2C011,2,1,7.61535291368693,3.00816389181175,0.412698412698413,0.412698412698413,0.412698412698413,true,false,
6WKQ,6WKQ_V2C012,2,0,9.08434917866988,6.42360490690391,0.208333333333333,0.208333333333333,0.208333333333333,true,true,diameter_gt_9A;dispersion_gt_4A
6WKQ,6WKQ_V2C013,2,0,1.48033779928772,1.04675689632311,0.380952380952381,0.380952380952381,0.380952380952381,true,false,
6WKQ,6WKQ_V2C014,2,1,4.98679255634321,0.801623352953244,0.708333333333333,0.708333333333333,0.708333333333333,true,false,
6WKQ,6WKQ_V2C015,1,0,0,0,,,1,true,false,
6WKQ,6WKQ_V2C016,1,0,0,0,,,1,true,false,
6WKQ,6WKQ_V2C017,1,0,0,0,,,1,true,false,
6WKQ,6WKQ_V2C018,1,0,0,0,,,1,true,false,
6WKQ,6WKQ_V2C019,1,0,0,0,,,1,true,false,
6WKQ,6WKQ_V2C020,1,0,0,0,,,1,true,false,
6WKQ,6WKQ_V2C021,1,0,0,0,,,1,true,false,
6WKQ,6WKQ_V2C022,1,0,0,0,,,1,true,false,
6WKQ,6WKQ_V2C023,1,0,0,0,,,1,true,false,
6WKQ,6WKQ_V2C024,1,0,0,0,,,1,true,false,
6WKQ,6WKQ_V2C025,1,0,0,0,,,1,true,false,
7BEA,7BEA_V2C001,3,0,4.10603433126787,3.12894857177267,0.290322580645161,0.258064516129032,0.290322580645161,true,false,
7BEA,7BEA_V2C002,3,0,6.97695843743031,3.58776772763306,0.333333333333333,0.217391304347826,0.434782608695652,true,false,
7BEA,7BEA_V2C003,3,0,2.04833241539009,1.63659720436227,0.436363636363636,0.218181818181818,0.436363636363636,true,false,
7BEA,7BEA_V2C004,2,1,10.5673862347313,2.16615906931031,0.130434782608696,0.130434782608696,0.130434782608696,true,true,diameter_gt_9A;low_core_envelope_ratio;low_median_residue_iou
7BEA,7BEA_V2C005,2,0,5.06436639409441,3.58104781967742,0.5,0.5,0.5,true,false,
7BEA,7BEA_V2C006,2,0,7.51773676373082,5.31584264480948,0.25,0.25,0.25,true,true,dispersion_gt_4A
7BEA,7BEA_V2C007,2,0,4.55134999018275,3.21829044161155,0.368421052631579,0.368421052631579,0.368421052631579,true,false,
7BEA,7BEA_V2C008,1,0,0,0,,,1,true,false,
7BEA,7BEA_V2C009,1,0,0,0,,,1,true,false,
7BEA,7BEA_V2C010,1,0,0,0,,,1,true,false,
7BEA,7BEA_V2C011,1,0,0,0,,,1,true,false,
7BEA,7BEA_V2C012,1,0,0,0,,,1,true,false,
7BEA,7BEA_V2C013,1,0,0,0,,,1,true,false,
7BEA,7BEA_V2C014,1,0,0,0,,,1,true,false,
7BEA,7BEA_V2C015,1,0,0,0,,,1,true,false,
7BEA,7BEA_V2C016,1,0,0,0,,,1,true,false,
7BEA,7BEA_V2C017,1,0,0,0,,,1,true,false,
7JRA,7JRA_V2C001,3,0,3.55827102941157,1.91319330661388,0.5,0.428571428571429,0.5,true,false,
7JRA,7JRA_V2C002,3,0,3.17015572151721,1.77045624963717,0.548387096774194,0.466666666666667,0.580645161290323,true,false,
7JRA,7JRA_V2C003,3,0,2.99355207070129,2.06572206527118,0.432432432432432,0.324324324324324,0.432432432432432,true,false,
7JRA,7JRA_V2C004,3,0,2.7510682258481,1.60755822945557,0.578947368421053,0.392857142857143,0.678571428571429,true,false,
7JRA,7JRA_V2C005,3,1,11.3628183472665,2.15241541810033,0.655172413793103,0.448275862068966,0.655172413793103,true,true,diameter_gt_9A
7JRA,7JRA_V2C006,3,0,6.18175707478509,3.94966135812745,0.0630630630630631,0.0619469026548673,0.503355704697987,true,true,low_median_residue_iou
7JRA,7JRA_V2C007,2,0,2.25185567921215,1.59230242102435,0.116883116883117,0.116883116883117,0.116883116883117,true,true,low_core_envelope_ratio;low_median_residue_iou
7JRA,7JRA_V2C008,2,2,10.6158172720391,2.74809188130586,0.233333333333333,0.233333333333333,0.233333333333333,true,true,diameter_gt_9A
7JRA,7JRA_V2C009,2,0,7.50058386388686,5.3037137130128,0.4,0.4,0.4,true,true,dispersion_gt_4A
7JRA,7JRA_V2C010,2,0,5.45608519471583,3.85803483991509,0.28,0.28,0.28,true,false,
7JRA,7JRA_V2C011,1,0,0,0,,,1,true,false,
7JRA,7JRA_V2C012,1,0,0,0,,,1,true,false,
7JRA,7JRA_V2C013,1,0,0,0,,,1,true,false,
7JRA,7JRA_V2C014,1,0,0,0,,,1,true,false,
7JRA,7JRA_V2C015,1,0,0,0,,,1,true,false,
7JRA,7JRA_V2C016,1,0,0,0,,,1,true,false,
7JRA,7JRA_V2C017,1,0,0,0,,,1,true,false,
7JRA,7JRA_V2C018,1,0,0,0,,,1,true,false,
7JRA,7JRA_V2C019,1,0,0,0,,,1,true,false,
7JRA,7JRA_V2C020,1,0,0,0,,,1,true,false,
7JRA,7JRA_V2C021,1,0,0,0,,,1,true,false,
7JRA,7JRA_V2C022,1,0,0,0,,,1,true,false,
7JRA,7JRA_V2C023,1,0,0,0,,,1,true,false,
7JRA,7JRA_V2C024,1,0,0,0,,,1,true,false,
7JRA,7JRA_V2C025,1,0,0,0,,,1,true,false,
7JRA,7JRA_V2C026,1,0,0,0,,,1,true,false,
7JRA,7JRA_V2C027,1,0,0,0,,,1,true,false,
7JRA,7JRA_V2C028,1,0,0,0,,,1,true,false,
7JRA,7JRA_V2C029,1,0,0,0,,,1,true,false,
7JRA,7JRA_V2C030,1,0,0,0,,,1,true,false,
7JRA,7JRA_V2C031,1,0,0,0,,,1,true,false,
7JRA,7JRA_V2C032,1,0,0,0,,,1,true,false,
7JRA,7JRA_V2C033,1,0,0,0,,,1,true,false,
7JRA,7JRA_V2C034,1,0,0,0,,,1,true,false,
7JRA,7JRA_V2C035,1,0,0,0,,,1,true,false,
7JRA,7JRA_V2C036,1,0,0,0,,,1,true,false,
7JRA,7JRA_V2C037,1,0,0,0,,,1,true,false,
7JRA,7JRA_V2C038,1,0,0,0,,,1,true,false,
7JRA,7JRA_V2C039,1,0,0,0,,,1,true,false,
7JRA,7JRA_V2C040,1,0,0,0,,,1,true,false,
7JRA,7JRA_V2C041,1,0,0,0,,,1,true,false,
7JRA,7JRA_V2C042,1,0,0,0,,,1,true,false,
7O2I,7O2I_V2C001,3,0,5.89124130040396,3.68810098813055,0.166666666666667,0.140625,0.661971830985915,true,false,
7O2I,7O2I_V2C002,3,1,10.7909440868432,3.56576030601455,0.333333333333333,0.333333333333333,0.555555555555556,true,true,diameter_gt_9A
7O2I,7O2I_V2C003,3,1,8.79287163756815,2.79352404004118,0.225806451612903,0.166666666666667,0.58,true,false,
7O2I,7O2I_V2C004,3,0,2.42123631919498,1.78443149186394,0.5,0.392857142857143,0.642857142857143,true,false,
7O2I,7O2I_V2C005,2,0,1.14299044192795,0.808216292318664,0.583333333333333,0.583333333333333,0.583333333333333,true,false,
7O2I,7O2I_V2C006,2,2,8.9965482884754,5.53719014695479,0.411764705882353,0.411764705882353,0.411764705882353,true,true,dispersion_gt_4A
7O2I,7O2I_V2C007,2,1,10.4929786481794,4.85634349258883,0.375,0.375,0.375,true,true,diameter_gt_9A;dispersion_gt_4A
7O2I,7O2I_V2C008,2,1,10.0280855600658,2.47342581474011,0.470588235294118,0.470588235294118,0.470588235294118,true,true,diameter_gt_9A
7O2I,7O2I_V2C009,2,0,4.34334345471854,3.07120760985369,0.105263157894737,0.105263157894737,0.105263157894737,true,true,low_core_envelope_ratio;low_median_residue_iou
7O2I,7O2I_V2C010,2,0,6.90274658430792,4.88097891857641,0.217391304347826,0.217391304347826,0.217391304347826,true,true,dispersion_gt_4A
7O2I,7O2I_V2C011,2,0,2.8751427937212,2.03303296631989,0.521739130434783,0.521739130434783,0.521739130434783,true,false,
7O2I,7O2I_V2C012,2,0,5.31285643324402,3.75675681141742,0.5,0.5,0.5,true,false,
7O2I,7O2I_V2C013,2,0,1.77448251601032,1.25474862016786,0.48,0.48,0.48,true,false,
7O2I,7O2I_V2C014,2,1,11.7281915637016,2.99487400846701,0.25,0.25,0.25,true,true,diameter_gt_9A
7O2I,7O2I_V2C015,2,0,7.72331016976314,5.46120499424654,0.260869565217391,0.260869565217391,0.260869565217391,true,true,dispersion_gt_4A
7O2I,7O2I_V2C016,2,0,2.24162470185963,1.58506802756022,0.578947368421053,0.578947368421053,0.578947368421053,true,false,
7O2I,7O2I_V2C017,1,0,0,0,,,1,true,false,
7O2I,7O2I_V2C018,1,0,0,0,,,1,true,false,
7O2I,7O2I_V2C019,1,0,0,0,,,1,true,false,
7O2I,7O2I_V2C020,1,0,0,0,,,1,true,false,
7O2I,7O2I_V2C021,1,0,0,0,,,1,true,false,
7O2I,7O2I_V2C022,1,0,0,0,,,1,true,false,
7O2I,7O2I_V2C023,1,0,0,0,,,1,true,false,
7O2I,7O2I_V2C024,1,0,0,0,,,1,true,false,
7O2I,7O2I_V2C025,1,0,0,0,,,1,true,false,
7O2I,7O2I_V2C026,1,0,0,0,,,1,true,false,
7O2I,7O2I_V2C027,1,0,0,0,,,1,true,false,
7O2I,7O2I_V2C028,1,0,0,0,,,1,true,false,
7O2I,7O2I_V2C029,1,0,0,0,,,1,true,false,
7O2I,7O2I_V2C030,1,0,0,0,,,1,true,false,
7O2I,7O2I_V2C031,1,0,0,0,,,1,true,false,
7O2I,7O2I_V2C032,1,0,0,0,,,1,true,false,
7O2I,7O2I_V2C033,1,0,0,0,,,1,true,false,
7O2I,7O2I_V2C034,1,0,0,0,,,1,true,false,
7O2I,7O2I_V2C035,1,0,0,0,,,1,true,false,
7O2I,7O2I_V2C036,1,0,0,0,,,1,true,false,
7O2I,7O2I_V2C037,1,0,0,0,,,1,true,false,
7O2I,7O2I_V2C038,1,0,0,0,,,1,true,false,
7O2I,7O2I_V2C039,1,0,0,0,,,1,true,false,
7O2I,7O2I_V2C040,1,0,0,0,,,1,true,false,
7O2I,7O2I_V2C041,1,0,0,0,,,1,true,false,
7O2I,7O2I_V2C042,1,0,0,0,,,1,true,false,
7O2I,7O2I_V2C043,1,0,0,0,,,1,true,false,
7O2I,7O2I_V2C044,1,0,0,0,,,1,true,false,
7O2I,7O2I_V2C045,1,0,0,0,,,1,true,false,
7O2I,7O2I_V2C046,1,0,0,0,,,1,true,false,
7O2I,7O2I_V2C047,1,0,0,0,,,1,true,false,
7O2I,7O2I_V2C048,1,0,0,0,,,1,true,false,
8EA7,8EA7_V2C001,3,0,5.01561962611411,2.35473527471945,0.357142857142857,0.357142857142857,0.357142857142857,true,false,
8EA7,8EA7_V2C002,3,0,5.88078548757653,2.82772661609029,0.448275862068966,0.379310344827586,0.482758620689655,true,false,
8EA7,8EA7_V2C003,3,0,3.36982031487647,2.36772570464519,0.225806451612903,0.142857142857143,0.6,true,false,
8EA7,8EA7_V2C004,3,0,6.54471979384764,3.41282792029267,0.266666666666667,0.233333333333333,0.333333333333333,true,false,
8EA7,8EA7_V2C005,2,0,5.86919071575011,4.15014455518403,0.259259259259259,0.259259259259259,0.259259259259259,true,true,dispersion_gt_4A
8EA7,8EA7_V2C006,2,0,3.46858854846156,2.45266248376317,0.142857142857143,0.142857142857143,0.142857142857143,true,true,low_core_envelope_ratio;low_median_residue_iou
8EA7,8EA7_V2C007,2,0,1.94807084060103,1.37749410162077,0.36,0.36,0.36,true,false,
8EA7,8EA7_V2C008,2,0,5.24660205207921,3.70990788921247,0.266666666666667,0.266666666666667,0.266666666666667,true,false,
8EA7,8EA7_V2C009,1,0,0,0,,,1,true,false,
8EA7,8EA7_V2C010,1,0,0,0,,,1,true,false,
8EA7,8EA7_V2C011,1,0,0,0,,,1,true,false,
8EA7,8EA7_V2C012,1,0,0,0,,,1,true,false,
8EA7,8EA7_V2C013,1,0,0,0,,,1,true,false,
8EA7,8EA7_V2C014,1,0,0,0,,,1,true,false,
8EA7,8EA7_V2C015,1,0,0,0,,,1,true,false,
8EA7,8EA7_V2C016,1,0,0,0,,,1,true,false,
8EA7,8EA7_V2C017,1,0,0,0,,,1,true,false,
8EA7,8EA7_V2C018,1,0,0,0,,,1,true,false,
8EA7,8EA7_V2C019,1,0,0,0,,,1,true,false,
8EA7,8EA7_V2C020,1,0,0,0,,,1,true,false,
8EA7,8EA7_V2C021,1,0,0,0,,,1,true,false,
8P1O,8P1O_V2C001,3,0,8.95395387524416,4.26099578808179,0.25,0.114285714285714,0.58,true,true,dispersion_gt_4A
8P1O,8P1O_V2C002,2,2,11.0455484631608,3.12985995004929,0.277777777777778,0.277777777777778,0.277777777777778,true,true,diameter_gt_9A
8P1O,8P1O_V2C003,2,0,2.61411007446622,1.84845496042313,0.41304347826087,0.41304347826087,0.41304347826087,true,false,
8P1O,8P1O_V2C004,2,0,4.69207093066231,3.31779517287959,0.454545454545455,0.454545454545455,0.454545454545455,true,false,
8P1O,8P1O_V2C005,2,3,11.0370940979978,1.95637871015416,0.136363636363636,0.136363636363636,0.136363636363636,true,true,diameter_gt_9A;low_core_envelope_ratio;low_median_residue_iou
8P1O,8P1O_V2C006,1,0,0,0,,,1,true,false,
8P1O,8P1O_V2C007,1,0,0,0,,,1,true,false,
8P1O,8P1O_V2C008,1,0,0,0,,,1,true,false,
8P1O,8P1O_V2C009,1,0,0,0,,,1,true,false,
8P1O,8P1O_V2C010,1,0,0,0,,,1,true,false,
8P1O,8P1O_V2C011,1,0,0,0,,,1,true,false,
8P1O,8P1O_V2C012,1,0,0,0,,,1,true,false,
8P1O,8P1O_V2C013,1,0,0,0,,,1,true,false,
8P1O,8P1O_V2C014,1,0,0,0,,,1,true,false,
8P1O,8P1O_V2C015,1,0,0,0,,,1,true,false,
8P1O,8P1O_V2C016,1,0,0,0,,,1,true,false,
8P1O,8P1O_V2C017,1,0,0,0,,,1,true,false,
8SE5,8SE5_V2C001,3,1,6.97528646586762,3.29486849047131,0.259259259259259,0.259259259259259,0.407407407407407,true,false,
8SE5,8SE5_V2C002,3,0,5.6206262144087,2.93492251887688,0.303030303030303,0.272727272727273,0.303030303030303,true,false,
8SE5,8SE5_V2C003,3,1,10.7004672795163,1.96602017619784,0.321428571428571,0.183673469387755,0.509803921568627,true,true,diameter_gt_9A
8SE5,8SE5_V2C004,3,0,5.63914412040497,2.65034399626076,0.258064516129032,0.258064516129032,0.32258064516129,true,false,
8SE5,8SE5_V2C005,2,1,10.0075791576196,5.11054081306552,0.2,0.2,0.2,true,true,diameter_gt_9A;dispersion_gt_4A
8SE5,8SE5_V2C006,2,0,6.03927222736617,4.2704103454022,0.384615384615385,0.384615384615385,0.384615384615385,true,true,dispersion_gt_4A
8SE5,8SE5_V2C007,2,0,3.45345590858578,2.44196209148976,0.642857142857143,0.642857142857143,0.642857142857143,true,false,
8SE5,8SE5_V2C008,1,0,0,0,,,1,true,false,
8SE5,8SE5_V2C009,1,0,0,0,,,1,true,false,
8SE5,8SE5_V2C010,1,0,0,0,,,1,true,false,
8SE5,8SE5_V2C011,1,0,0,0,,,1,true,false,
8SE5,8SE5_V2C012,1,0,0,0,,,1,true,false,
8SE5,8SE5_V2C013,1,0,0,0,,,1,true,false,
8SE5,8SE5_V2C014,1,0,0,0,,,1,true,false,
8SE5,8SE5_V2C015,1,0,0,0,,,1,true,false,
8SE5,8SE5_V2C016,1,0,0,0,,,1,true,false,
8SE5,8SE5_V2C017,1,0,0,0,,,1,true,false,
8SE5,8SE5_V2C018,1,0,0,0,,,1,true,false,
8SE5,8SE5_V2C019,1,0,0,0,,,1,true,false,
8SE5,8SE5_V2C020,1,0,0,0,,,1,true,false,
8SE5,8SE5_V2C021,1,0,0,0,,,1,true,false,
8SE5,8SE5_V2C022,1,0,0,0,,,1,true,false,
8SE5,8SE5_V2C023,1,0,0,0,,,1,true,false,
8SE5,8SE5_V2C024,1,0,0,0,,,1,true,false,
