pdb_id,cluster_v2_id,Within_PDB_rank,Without_O_rel_score,Without_O_rel_rank
1A9M,1A9M_V2C001,1,95.0079331195121,1
1A9M,1A9M_V2C003,2,59.8103431256713,2
1A9M,1A9M_V2C002,3,57.1683183668994,3
1A9M,1A9M_V2C015,13,48.3611815252417,4
1A9M,1A9M_V2C004,5,36.3846177725564,5
1A9M,1A9M_V2C007,15,30.5274177295918,6
1A9M,1A9M_V2C010,4,30.2279153257457,7
1A9M,1A9M_V2C006,20,28.9360114795918,8
1A9M,1A9M_V2C016,6,28.6704489795918,9
1A9M,1A9M_V2C005,17,28.5612422488226,10
1A9M,1A9M_V2C009,21,28.5083047488226,11
1A9M,1A9M_V2C019,9,28.4763672488226,12
1A9M,1A9M_V2C013,16,28.4495619603611,13
1A9M,1A9M_V2C021,14,28.4362686911303,14
1A9M,1A9M_V2C017,10,28.3438047488226,15
1A9M,1A9M_V2C018,12,28.3292831142072,16
1A9M,1A9M_V2C011,19,28.2986917680534,17
1A9M,1A9M_V2C014,18,28.2936941718995,18
1A9M,1A9M_V2C008,11,28.2903287872842,19
1A9M,1A9M_V2C020,7,28.288763883438,20
1A9M,1A9M_V2C012,8,28.2881412872841,21
1FAP,1FAP_V2C002,1,91.7842303601108,1
1FAP,1FAP_V2C001,4,79.8713833379778,2
1FAP,1FAP_V2C003,2,75.188314664961,3
1FAP,1FAP_V2C004,6,66.9697991526456,4
1FAP,1FAP_V2C006,3,66.2563524487355,5
1FAP,1FAP_V2C005,7,59.2796648581275,6
1FAP,1FAP_V2C008,8,56.3825671291209,7
1FAP,1FAP_V2C007,5,53.9028350993555,8
1FAP,1FAP_V2C009,10,41.1133654276879,9
1FAP,1FAP_V2C015,12,38.2822583673469,10
1FAP,1FAP_V2C018,11,29.1325499411303,11
1FAP,1FAP_V2C013,15,28.7021004218995,12
1FAP,1FAP_V2C014,19,28.477982633438,13
1FAP,1FAP_V2C017,9,28.4455739795918,14
1FAP,1FAP_V2C016,14,28.4334754218995,15
1FAP,1FAP_V2C012,13,28.3835331142072,16
1FAP,1FAP_V2C020,17,28.343888883438,17
1FAP,1FAP_V2C019,20,28.3065162872842,18
1FAP,1FAP_V2C011,16,28.2886965757457,19
1FAP,1FAP_V2C010,18,28.2866268642072,20
1HIH,1HIH_V2C004,1,80.5659720730397,1
1HIH,1HIH_V2C006,2,71.2117022620988,2
1HIH,1HIH_V2C001,4,66.8861141153333,3
1HIH,1HIH_V2C005,7,54.9935398361976,4
1HIH,1HIH_V2C002,9,54.5039923581274,5
1HIH,1HIH_V2C003,3,52.7889227309345,6
1HIH,1HIH_V2C008,6,45.8192891522763,7
1HIH,1HIH_V2C007,12,42.6654105462207,8
1HIH,1HIH_V2C012,10,32.459173104189,9
1HIH,1HIH_V2C013,5,30.244826383438,10
1HIH,1HIH_V2C011,13,28.9399489795918,11
1HIH,1HIH_V2C016,14,28.6583672488226,12
1HIH,1HIH_V2C014,11,28.5843624411303,13
1HIH,1HIH_V2C017,19,28.342357633438,14
1HIH,1HIH_V2C010,15,28.296420133438,15
1HIH,1HIH_V2C019,17,28.2826893642072,16
1HIH,1HIH_V2C015,8,28.2774730180534,17
1HIH,1HIH_V2C009,18,28.277388883438,18
1HIH,1HIH_V2C018,16,28.2763792680534,19
1HSG,1HSG_V2C001,1,94.979971397024,1
1HSG,1HSG_V2C003,4,56.6818518318117,2
1HSG,1HSG_V2C002,7,55.2208403186537,3
1HSG,1HSG_V2C005,2,52.3479510233516,4
1HSG,1HSG_V2C004,9,51.5168355746509,5
1HSG,1HSG_V2C010,3,48.0801288936627,6
1HSG,1HSG_V2C018,6,46.6326860753532,7
1HSG,1HSG_V2C012,12,41.7251246831364,8
1HSG,1HSG_V2C014,5,29.9746533065149,9
1HSG,1HSG_V2C016,14,29.6070523449764,10
1HSG,1HSG_V2C015,15,28.9333023449764,11
1HSG,1HSG_V2C006,16,28.7459850372841,12
1HSG,1HSG_V2C007,17,28.3296533065149,13
1HSG,1HSG_V2C008,10,28.3266749411303,14
1HSG,1HSG_V2C013,18,28.3260859988226,15
1HSG,1HSG_V2C009,19,28.2978335949764,16
1HSG,1HSG_V2C019,13,28.2968408065149,17
1HSG,1HSG_V2C017,11,28.2927855180534,18
1HSG,1HSG_V2C011,8,28.2888311911303,19
1SHL,1SHL_V2C002,1,84.7980622039474,1
1SHL,1SHL_V2C005,2,80.4976997881066,2
1SHL,1SHL_V2C001,3,79.3588009842789,3
1SHL,1SHL_V2C004,4,72.5698382857712,4
1SHL,1SHL_V2C003,5,72.2757192105263,5
1SHL,1SHL_V2C008,6,56.8539560861976,6
1SHL,1SHL_V2C006,7,56.4068099897064,7
1SHL,1SHL_V2C007,8,50.9739423142678,8
1SHL,1SHL_V2C010,9,48.6646072795488,9
1SHL,1SHL_V2C019,10,44.577365735768,10
1SHL,1SHL_V2C011,11,42.7975263909774,11
1SHL,1SHL_V2C017,12,41.6046446831364,12
1SHL,1SHL_V2C013,13,41.066180568609,13
1SHL,1SHL_V2C026,14,40.6757467883996,14
1SHL,1SHL_V2C012,15,36.7079383250066,15
1SHL,1SHL_V2C009,16,33.2656733909774,16
1SHL,1SHL_V2C016,17,32.8179994603611,17
1SHL,1SHL_V2C022,18,31.3389465757457,18
1SHL,1SHL_V2C025,19,30.1700811911303,19
1SHL,1SHL_V2C021,20,29.2557230180534,20
1SHL,1SHL_V2C020,21,28.6238215757457,21
1SHL,1SHL_V2C023,22,28.363576383438,22
1SHL,1SHL_V2C027,23,28.3545739795918,23
1SHL,1SHL_V2C014,24,28.2917422488226,24
1SHL,1SHL_V2C018,25,28.2828071526688,25
1SHL,1SHL_V2C015,26,28.2781460949764,26
1SHL,1SHL_V2C024,27,28.277388883438,27
1TCO,1TCO_V2C004,1,92.4207932330827,1
1TCO,1TCO_V2C003,2,86.2168446860157,2
1TCO,1TCO_V2C006,3,80.7160940773512,3
1TCO,1TCO_V2C011,4,80.3694987350896,4
1TCO,1TCO_V2C002,12,79.1605914127649,5
1TCO,1TCO_V2C001,13,78.5740468147642,6
1TCO,1TCO_V2C020,6,72.0295938264555,7
1TCO,1TCO_V2C009,5,71.1577076393344,8
1TCO,1TCO_V2C022,7,69.5747935966081,9
1TCO,1TCO_V2C005,14,68.9371701893126,10
1TCO,1TCO_V2C008,8,68.2402813076835,11
1TCO,1TCO_V2C018,9,67.931432747403,12
1TCO,1TCO_V2C010,11,66.0461885965854,13
1TCO,1TCO_V2C012,16,61.5988998142678,14
1TCO,1TCO_V2C013,10,60.0948576541801,15
1TCO,1TCO_V2C015,20,57.4187461519871,16
1TCO,1TCO_V2C014,24,56.320503410759,17
1TCO,1TCO_V2C026,25,55.5025522791353,18
1TCO,1TCO_V2C007,27,53.9042961300573,19
1TCO,1TCO_V2C025,15,51.9557882988722,20
1TCO,1TCO_V2C066,31,51.6453920515575,21
1TCO,1TCO_V2C016,35,50.3532019501879,22
1TCO,1TCO_V2C041,28,50.2413751138148,23
1TCO,1TCO_V2C071,36,49.8169709989259,24
1TCO,1TCO_V2C028,32,47.7288846804511,25
1TCO,1TCO_V2C019,39,45.974983200188,26
1TCO,1TCO_V2C017,38,44.8828137922932,27
1TCO,1TCO_V2C029,18,43.3475222462406,28
1TCO,1TCO_V2C021,17,43.0162006015038,29
1TCO,1TCO_V2C027,40,38.9920157988722,30
1TCO,1TCO_V2C023,41,38.758432443609,31
1TCO,1TCO_V2C024,44,36.3578992857143,32
1TCO,1TCO_V2C042,19,35.4695691718995,33
1TCO,1TCO_V2C034,54,31.8204321526688,34
1TCO,1TCO_V2C053,47,30.539482633438,35
1TCO,1TCO_V2C055,49,30.3721893642072,36
1TCO,1TCO_V2C062,60,30.3623624411303,37
1TCO,1TCO_V2C036,34,30.2250715757457,38
1TCO,1TCO_V2C073,61,30.0040331142072,39
1TCO,1TCO_V2C037,63,29.720045133438,40
1TCO,1TCO_V2C043,21,29.6813600372842,41
1TCO,1TCO_V2C064,62,29.4670018642072,42
1TCO,1TCO_V2C035,22,29.2382566718995,43
1TCO,1TCO_V2C061,53,29.0888840757457,44
1TCO,1TCO_V2C067,48,29.0469177295919,45
1TCO,1TCO_V2C065,64,28.9996004218995,46
1TCO,1TCO_V2C070,69,28.9079946526688,47
1TCO,1TCO_V2C030,57,28.8366484988226,48
1TCO,1TCO_V2C033,51,28.8343600372841,49
1TCO,1TCO_V2C056,29,28.789701383438,50
1TCO,1TCO_V2C032,43,28.7848720565149,51
1TCO,1TCO_V2C059,55,28.6065908065149,52
1TCO,1TCO_V2C049,37,28.5926412872841,53
1TCO,1TCO_V2C068,70,28.5155908065149,54
1TCO,1TCO_V2C052,58,28.5080355180534,55
1TCO,1TCO_V2C048,30,28.4300427295918,56
1TCO,1TCO_V2C038,23,28.3899105180534,57
1TCO,1TCO_V2C054,71,28.3310331142072,58
1TCO,1TCO_V2C058,66,28.3179754218995,59
1TCO,1TCO_V2C072,65,28.3146773449764,60
1TCO,1TCO_V2C047,26,28.309326383438,61
1TCO,1TCO_V2C063,72,28.3002398449764,62
1TCO,1TCO_V2C044,67,28.2968744603611,63
1TCO,1TCO_V2C060,46,28.2894033065149,64
1TCO,1TCO_V2C031,56,28.2885619603611,65
1TCO,1TCO_V2C069,50,28.2851965757457,66
1TCO,1TCO_V2C045,73,28.2835643642072,67
1TCO,1TCO_V2C039,33,28.2814609988226,68
1TCO,1TCO_V2C050,59,28.2797446526688,69
1TCO,1TCO_V2C051,52,28.2777254218995,70
1TCO,1TCO_V2C057,42,28.2769682103611,71
1TCO,1TCO_V2C046,68,28.2765475372842,72
1TCO,1TCO_V2C040,45,28.2540499411303,73
3DJI,3DJI_V2C004,1,86.3030356957328,1
3DJI,3DJI_V2C002,2,85.4439731962774,2
3DJI,3DJI_V2C001,3,84.6022683727786,3
3DJI,3DJI_V2C003,4,82.5250807551987,4
3DJI,3DJI_V2C007,6,71.4725058250021,5
3DJI,3DJI_V2C012,5,68.1868131868132,6
3DJI,3DJI_V2C005,7,60.1286578625134,7
3DJI,3DJI_V2C006,8,57.676266042338,8
3DJI,3DJI_V2C011,9,52.1190054041353,9
3DJI,3DJI_V2C009,12,45.9924577067669,10
3DJI,3DJI_V2C008,10,43.162003068609,11
3DJI,3DJI_V2C010,11,39.889855568609,12
3DJI,3DJI_V2C021,13,38.1679236305048,13
3DJI,3DJI_V2C015,44,28.7511004218995,14
3DJI,3DJI_V2C019,18,28.5920355180534,15
3DJI,3DJI_V2C042,24,28.5886364795918,16
3DJI,3DJI_V2C018,17,28.5835715757457,17
3DJI,3DJI_V2C044,30,28.5804754218995,18
3DJI,3DJI_V2C046,14,28.5505739795918,19
3DJI,3DJI_V2C039,21,28.5302134026688,20
3DJI,3DJI_V2C038,40,28.5228432103611,21
3DJI,3DJI_V2C016,23,28.4632759026688,22
3DJI,3DJI_V2C027,42,28.4140571526688,23
3DJI,3DJI_V2C047,41,28.4096989795918,24
3DJI,3DJI_V2C029,22,28.4043143642072,25
3DJI,3DJI_V2C031,37,28.4029009026688,26
3DJI,3DJI_V2C041,38,28.402076383438,27
3DJI,3DJI_V2C020,29,28.3890691718995,28
3DJI,3DJI_V2C033,48,28.3883624411303,29
3DJI,3DJI_V2C037,36,28.3843744603611,30
3DJI,3DJI_V2C035,35,28.3724273449765,31
3DJI,3DJI_V2C040,16,28.3363335949764,32
3DJI,3DJI_V2C023,31,28.3286941718995,33
3DJI,3DJI_V2C032,25,28.3286100372841,34
3DJI,3DJI_V2C036,26,28.3177398449765,35
3DJI,3DJI_V2C022,27,28.3171677295918,36
3DJI,3DJI_V2C013,46,28.3051364795918,37
3DJI,3DJI_V2C028,33,28.3044634026688,38
3DJI,3DJI_V2C045,43,28.3018552295918,39
3DJI,3DJI_V2C048,34,28.3005259026688,40
3DJI,3DJI_V2C014,28,28.299263883438,41
3DJI,3DJI_V2C017,39,28.2894033065149,42
3DJI,3DJI_V2C043,47,28.2872494603611,43
3DJI,3DJI_V2C024,19,28.2808384026688,44
3DJI,3DJI_V2C030,32,28.2800811911303,45
3DJI,3DJI_V2C025,45,28.277388883438,46
3DJI,3DJI_V2C026,20,28.2771364795918,47
3DJI,3DJI_V2C034,15,28.2763792680534,48
4W9H,4W9H_V2C003,1,89.8563831578947,1
4W9H,4W9H_V2C005,2,84.7463538486842,2
4W9H,4W9H_V2C001,10,81.8991607675439,3
4W9H,4W9H_V2C004,4,80.1818080809979,4
4W9H,4W9H_V2C002,3,79.7764157894737,5
4W9H,4W9H_V2C006,5,71.9448490708915,6
4W9H,4W9H_V2C008,6,71.2834902551021,7
4W9H,4W9H_V2C010,7,69.0312086103652,8
4W9H,4W9H_V2C009,8,68.170403763874,9
4W9H,4W9H_V2C007,13,65.3552172287863,10
4W9H,4W9H_V2C014,9,62.7327227090046,11
4W9H,4W9H_V2C012,14,60.6055051212853,12
4W9H,4W9H_V2C011,12,54.965770669531,13
4W9H,4W9H_V2C015,15,50.3701328712406,14
4W9H,4W9H_V2C013,11,49.9833445291801,15
4W9H,4W9H_V2C022,26,46.7276344888148,16
4W9H,4W9H_V2C016,27,40.8507123778196,17
4W9H,4W9H_V2C020,29,35.5740225778733,18
4W9H,4W9H_V2C034,28,29.5180210949764,19
4W9H,4W9H_V2C017,36,28.6675715757457,20
4W9H,4W9H_V2C018,37,28.6008359988226,21
4W9H,4W9H_V2C033,25,28.5215980180534,22
4W9H,4W9H_V2C028,20,28.4201148449765,23
4W9H,4W9H_V2C038,34,28.3913071526687,24
4W9H,4W9H_V2C035,22,28.3874537872841,25
4W9H,4W9H_V2C031,16,28.362701383438,26
4W9H,4W9H_V2C036,17,28.3532614795918,27
4W9H,4W9H_V2C026,32,28.3354922488226,28
4W9H,4W9H_V2C024,18,28.3239994603611,29
4W9H,4W9H_V2C019,38,28.3061124411303,30
4W9H,4W9H_V2C032,21,28.3041100372842,31
4W9H,4W9H_V2C037,33,28.2967061911303,32
4W9H,4W9H_V2C030,23,28.2955956142072,33
4W9H,4W9H_V2C029,24,28.2925499411303,34
4W9H,4W9H_V2C021,31,28.2914225372841,35
4W9H,4W9H_V2C025,35,28.2880571526688,36
4W9H,4W9H_V2C023,19,28.2838167680534,37
4W9H,4W9H_V2C027,30,28.2805859988226,38
5J89,5J89_V2C003,1,83.4367444875582,1
5J89,5J89_V2C001,2,77.4775413515933,2
5J89,5J89_V2C002,3,70.2204240882046,3
5J89,5J89_V2C004,5,65.7902939393126,4
5J89,5J89_V2C019,6,60.648111641877,5
5J89,5J89_V2C006,8,56.0776124167562,6
5J89,5J89_V2C014,9,54.5495889974687,7
5J89,5J89_V2C007,4,53.8482363118132,8
5J89,5J89_V2C022,11,49.1648741522763,9
5J89,5J89_V2C015,14,45.8463900385329,10
5J89,5J89_V2C008,12,43.6106406343985,11
5J89,5J89_V2C005,13,43.5590389896616,12
5J89,5J89_V2C024,15,40.342299182021,13
5J89,5J89_V2C021,7,38.3074804726101,14
5J89,5J89_V2C011,18,34.1378816521824,15
5J89,5J89_V2C023,22,29.3163167680534,16
5J89,5J89_V2C017,21,29.0385884026688,17
5J89,5J89_V2C020,10,28.8781605180534,18
5J89,5J89_V2C013,19,28.784888883438,19
5J89,5J89_V2C009,20,28.6255210949764,20
5J89,5J89_V2C012,23,28.4543239795919,21
5J89,5J89_V2C018,17,28.2987422488226,22
5J89,5J89_V2C016,16,28.2770523449765,23
5J89,5J89_V2C010,24,28.2767999411303,24
5LGE,5LGE_V2C004,6,90.168490746096,1
5LGE,5LGE_V2C003,9,86.5220449310558,2
5LGE,5LGE_V2C001,8,86.3627633231491,3
5LGE,5LGE_V2C006,1,84.484447544985,4
5LGE,5LGE_V2C002,3,81.9383584295967,5
5LGE,5LGE_V2C017,2,77.9153000674532,6
5LGE,5LGE_V2C011,13,77.556582261681,7
5LGE,5LGE_V2C007,5,77.3989647112286,8
5LGE,5LGE_V2C009,7,76.3250823603652,9
5LGE,5LGE_V2C010,15,75.9527640708915,10
5LGE,5LGE_V2C008,16,73.930090386681,11
5LGE,5LGE_V2C024,4,73.5278195488722,12
5LGE,5LGE_V2C015,11,70.6406372747187,13
5LGE,5LGE_V2C005,17,69.601797886681,14
5LGE,5LGE_V2C012,18,69.3881738077336,15
5LGE,5LGE_V2C020,10,67.5008916754298,16
5LGE,5LGE_V2C032,20,67.0718160351772,17
5LGE,5LGE_V2C030,14,64.1434943042187,18
5LGE,5LGE_V2C055,19,61.059261850931,19
5LGE,5LGE_V2C033,28,58.6064895558577,20
5LGE,5LGE_V2C014,12,58.0871788520408,21
5LGE,5LGE_V2C094,27,56.6696025778733,22
5LGE,5LGE_V2C045,26,56.3790762620838,23
5LGE,5LGE_V2C019,50,52.2501878186538,24
5LGE,5LGE_V2C018,49,49.8639734326888,25
5LGE,5LGE_V2C016,21,48.0778744063731,26
5LGE,5LGE_V2C027,23,47.0977072851772,27
5LGE,5LGE_V2C013,51,47.019575415145,28
5LGE,5LGE_V2C028,22,47.0099634633459,29
5LGE,5LGE_V2C031,47,46.0469525483351,30
5LGE,5LGE_V2C081,54,45.9465762620838,31
5LGE,5LGE_V2C088,25,45.8790762620838,32
5LGE,5LGE_V2C025,52,44.9403473120301,33
5LGE,5LGE_V2C091,55,44.0476288936627,34
5LGE,5LGE_V2C023,53,42.5170009962406,35
5LGE,5LGE_V2C073,56,41.1192162620838,36
5LGE,5LGE_V2C021,24,40.947482443609,37
5LGE,5LGE_V2C042,59,37.5502615252417,38
5LGE,5LGE_V2C026,31,36.7609918515037,39
5LGE,5LGE_V2C029,61,35.6999902067669,40
5LGE,5LGE_V2C022,60,35.0942773778196,41
5LGE,5LGE_V2C075,62,30.9877518642072,42
5LGE,5LGE_V2C060,29,29.7873864795918,43
5LGE,5LGE_V2C040,58,29.6181749411303,44
5LGE,5LGE_V2C043,30,29.5894682103611,45
5LGE,5LGE_V2C079,32,29.4774682103611,46
5LGE,5LGE_V2C066,78,29.401326383438,47
5LGE,5LGE_V2C061,57,29.3856100372841,48
5LGE,5LGE_V2C095,69,29.2448696526688,49
5LGE,5LGE_V2C034,70,29.2434057103611,50
5LGE,5LGE_V2C039,73,29.100763883438,51
5LGE,5LGE_V2C064,41,28.9979009026688,52
5LGE,5LGE_V2C054,33,28.8704874411303,53
5LGE,5LGE_V2C036,64,28.8125355180534,54
5LGE,5LGE_V2C090,65,28.7961965757457,55
5LGE,5LGE_V2C096,85,28.7405667680534,56
5LGE,5LGE_V2C092,89,28.7363768642072,57
5LGE,5LGE_V2C048,84,28.7344754218995,58
5LGE,5LGE_V2C046,81,28.5609898449765,59
5LGE,5LGE_V2C084,92,28.4959369603611,60
5LGE,5LGE_V2C076,35,28.4795811911303,61
5LGE,5LGE_V2C067,46,28.4343504218995,62
5LGE,5LGE_V2C065,34,28.4313384026688,63
5LGE,5LGE_V2C074,44,28.4216460949765,64
5LGE,5LGE_V2C093,90,28.4125090757457,65
5LGE,5LGE_V2C070,75,28.4083696526688,66
5LGE,5LGE_V2C035,88,28.4071412872841,67
5LGE,5LGE_V2C077,76,28.4065355180534,68
5LGE,5LGE_V2C037,83,28.3989802295918,69
5LGE,5LGE_V2C071,77,28.3762975372841,70
5LGE,5LGE_V2C058,71,28.3745980180534,71
5LGE,5LGE_V2C086,72,28.3738071526688,72
5LGE,5LGE_V2C062,80,28.3699369603611,73
5LGE,5LGE_V2C044,39,28.3683215757457,74
5LGE,5LGE_V2C078,36,28.3348359988226,75
5LGE,5LGE_V2C050,37,28.3328504218995,76
5LGE,5LGE_V2C053,48,28.3210042680534,77
5LGE,5LGE_V2C047,45,28.3133816718995,78
5LGE,5LGE_V2C049,43,28.3115811911303,79
5LGE,5LGE_V2C089,86,28.3068696526688,80
5LGE,5LGE_V2C052,82,28.3066172488226,81
5LGE,5LGE_V2C072,67,28.3038408065149,82
5LGE,5LGE_V2C051,74,28.2951917680534,83
5LGE,5LGE_V2C083,87,28.2945691718995,84
5LGE,5LGE_V2C059,38,28.2922975372842,85
5LGE,5LGE_V2C069,91,28.2883432103611,86
5LGE,5LGE_V2C056,40,28.2876364795918,87
5LGE,5LGE_V2C068,93,28.2858696526688,88
5LGE,5LGE_V2C085,68,28.2858191718995,89
5LGE,5LGE_V2C087,94,28.2838167680534,90
5LGE,5LGE_V2C041,66,28.2826725372841,91
5LGE,5LGE_V2C080,95,28.2793239795918,92
5LGE,5LGE_V2C057,96,28.2791557103611,93
5LGE,5LGE_V2C063,42,28.2781460949764,94
5LGE,5LGE_V2C038,79,28.2765475372842,95
5LGE,5LGE_V2C082,63,28.276295133438,96
5NIU,5NIU_V2C002,1,79.0926951952934,1
5NIU,5NIU_V2C003,3,71.7758757733494,2
5NIU,5NIU_V2C001,2,69.6652338388971,3
5NIU,5NIU_V2C017,5,57.1474864684188,4
5NIU,5NIU_V2C004,7,55.627015669531,5
5NIU,5NIU_V2C012,12,51.2650339599686,6
5NIU,5NIU_V2C008,9,50.9325894172932,7
5NIU,5NIU_V2C022,10,49.6179572291994,8
5NIU,5NIU_V2C018,11,46.1323912478499,9
5NIU,5NIU_V2C024,13,45.3740738810062,10
5NIU,5NIU_V2C005,14,38.2777230817669,11
5NIU,5NIU_V2C007,4,37.7396385620301,12
5NIU,5NIU_V2C006,6,35.9894334633458,13
5NIU,5NIU_V2C010,16,29.0972302295918,14
5NIU,5NIU_V2C021,23,28.3849802295918,15
5NIU,5NIU_V2C009,21,28.3791244603611,16
5NIU,5NIU_V2C013,17,28.3709634026688,17
5NIU,5NIU_V2C011,24,28.3491557103611,18
5NIU,5NIU_V2C020,20,28.3389081142072,19
5NIU,5NIU_V2C016,8,28.3190355180534,20
5NIU,5NIU_V2C019,15,28.3123720565149,21
5NIU,5NIU_V2C014,19,28.2957302295918,22
5NIU,5NIU_V2C015,18,28.2764634026688,23.5
5NIU,5NIU_V2C023,22,28.2764634026688,23.5
5TBM,5TBM_V2C002,2,93.4529747626175,1
5TBM,5TBM_V2C001,1,83.547224536963,2
5TBM,5TBM_V2C003,3,82.3393468948345,3
5TBM,5TBM_V2C005,5,57.6295127309345,4
5TBM,5TBM_V2C004,6,53.3879645511099,5
5TBM,5TBM_V2C008,7,51.8056106672932,6
5TBM,5TBM_V2C007,9,51.5478401080827,7
5TBM,5TBM_V2C021,4,50.4136241522763,8
5TBM,5TBM_V2C006,10,45.1292627067669,9
5TBM,5TBM_V2C023,11,33.7130966831364,10
5TBM,5TBM_V2C017,20,31.3894778257457,11
5TBM,5TBM_V2C009,8,30.4594369603611,12
5TBM,5TBM_V2C013,18,29.6307614795918,13
5TBM,5TBM_V2C020,14,29.5433792680534,14
5TBM,5TBM_V2C019,17,29.2360691718995,15
5TBM,5TBM_V2C022,22,28.5688648449765,16
5TBM,5TBM_V2C015,21,28.5107109988226,17
5TBM,5TBM_V2C011,15,28.3918960949764,18
5TBM,5TBM_V2C010,16,28.3777783065149,19
5TBM,5TBM_V2C014,13,28.3199273449764,20
5TBM,5TBM_V2C012,12,28.2948552295919,21
5TBM,5TBM_V2C016,19,28.2907831142072,22
5TBM,5TBM_V2C018,23,28.2782302295918,23
6E3S,6E3S_V2C006,3,83.6585614393126,1
6E3S,6E3S_V2C003,1,81.4378056608038,2
6E3S,6E3S_V2C005,2,80.5546639393126,3
6E3S,6E3S_V2C007,6,79.126432720476,4
6E3S,6E3S_V2C004,4,76.320501636681,5
6E3S,6E3S_V2C002,7,69.3092544656284,6
6E3S,6E3S_V2C001,5,67.0781404524705,7
6E3S,6E3S_V2C018,10,61.1223162593985,8
6E3S,6E3S_V2C074,26,60.6494924106663,9
6E3S,6E3S_V2C009,8,60.1132349019871,10
6E3S,6E3S_V2C056,28,59.7346376330436,11
6E3S,6E3S_V2C011,21,59.4791178405836,12
6E3S,6E3S_V2C013,9,58.8388223532044,13
6E3S,6E3S_V2C075,33,56.5948589906334,14
6E3S,6E3S_V2C044,40,56.1226528546641,15
6E3S,6E3S_V2C008,19,54.772542665145,16
6E3S,6E3S_V2C012,11,54.7079116344432,17
6E3S,6E3S_V2C010,18,54.222668915145,18
6E3S,6E3S_V2C025,34,53.4453516870301,19
6E3S,6E3S_V2C015,12,51.9773343515037,20
6E3S,6E3S_V2C014,25,51.5549445730397,21
6E3S,6E3S_V2C048,14,51.294865735768,22
6E3S,6E3S_V2C027,13,50.2035974107143,23
6E3S,6E3S_V2C077,53,49.4775343678877,24
6E3S,6E3S_V2C024,17,49.3305193843985,25
6E3S,6E3S_V2C016,16,48.8208995878088,26
6E3S,6E3S_V2C029,22,48.2509116541353,27
6E3S,6E3S_V2C032,20,47.3917078410312,28
6E3S,6E3S_V2C026,46,46.8903590225564,29
6E3S,6E3S_V2C022,52,46.1509362922932,30
6E3S,6E3S_V2C050,15,42.8619585949764,31
6E3S,6E3S_V2C019,23,42.608616429914,32
6E3S,6E3S_V2C017,24,40.3279056015038,33
6E3S,6E3S_V2C028,54,40.3122859304511,34
6E3S,6E3S_V2C030,27,39.2463973449248,35
6E3S,6E3S_V2C023,56,37.7151146278195,36
6E3S,6E3S_V2C020,31,37.3284307988722,37
6E3S,6E3S_V2C021,45,36.7296795159774,38
6E3S,6E3S_V2C067,29,31.6885932103611,39
6E3S,6E3S_V2C059,30,30.5831484988226,40
6E3S,6E3S_V2C035,58,30.4114970565149,41
6E3S,6E3S_V2C063,62,30.2158167680534,42
6E3S,6E3S_V2C071,79,29.9063359988226,43
6E3S,6E3S_V2C061,59,29.5886436911303,44
6E3S,6E3S_V2C072,67,29.2308023449765,45
6E3S,6E3S_V2C065,72,28.8778408065149,46
6E3S,6E3S_V2C057,47,28.7914682103611,47
6E3S,6E3S_V2C031,39,28.7484922488226,48
6E3S,6E3S_V2C055,80,28.7276268642072,49
6E3S,6E3S_V2C073,32,28.6127662872842,50
6E3S,6E3S_V2C058,57,28.5698408065149,51
6E3S,6E3S_V2C054,68,28.5629249411303,52
6E3S,6E3S_V2C069,70,28.541201383438,53
6E3S,6E3S_V2C078,73,28.5253672488226,54
6E3S,6E3S_V2C066,37,28.4916292680534,55
6E3S,6E3S_V2C081,74,28.4898960949764,56
6E3S,6E3S_V2C045,76,28.4846292680534,57
6E3S,6E3S_V2C041,43,28.4415186911303,58
6E3S,6E3S_V2C060,64,28.4401220565149,59
6E3S,6E3S_V2C076,65,28.4399537872842,60
6E3S,6E3S_V2C080,66,28.4264754218995,61
6E3S,6E3S_V2C034,36,28.3603792680534,62
6E3S,6E3S_V2C042,48,28.3470018642072,63
6E3S,6E3S_V2C079,75,28.3464129218995,64
6E3S,6E3S_V2C033,35,28.3414321526688,65
6E3S,6E3S_V2C070,44,28.3382686911303,66
6E3S,6E3S_V2C064,61,28.3352566718995,67
6E3S,6E3S_V2C043,69,28.3257494603611,68
6E3S,6E3S_V2C039,42,28.3205667680534,69
6E3S,6E3S_V2C049,38,28.3107566718995,70
6E3S,6E3S_V2C038,49,28.3009129218995,71
6E3S,6E3S_V2C037,50,28.2906316718995,72
6E3S,6E3S_V2C062,51,28.2885283065149,73
6E3S,6E3S_V2C053,81,28.2860884026688,74
6E3S,6E3S_V2C068,71,28.2822182103611,75
6E3S,6E3S_V2C051,78,28.2792398449764,76
6E3S,6E3S_V2C040,77,28.2783984988226,77
6E3S,6E3S_V2C046,60,28.2777254218995,78
6E3S,6E3S_V2C047,55,28.2774730180534,79
6E3S,6E3S_V2C052,63,28.277388883438,80
6E3S,6E3S_V2C036,41,28.276295133438,81
6R3K,6R3K_V2C003,4,82.6325373684211,1
6R3K,6R3K_V2C004,5,80.9993744463431,2
6R3K,6R3K_V2C001,6,79.0651269822283,3
6R3K,6R3K_V2C002,1,78.6597981694621,4
6R3K,6R3K_V2C005,2,78.3824361432599,5
6R3K,6R3K_V2C010,3,70.3509916235269,6
6R3K,6R3K_V2C006,8,58.8647978844432,7
6R3K,6R3K_V2C009,7,51.7798803021978,8
6R3K,6R3K_V2C007,11,45.0104725093985,9
6R3K,6R3K_V2C011,9,44.9244042588614,10
6R3K,6R3K_V2C008,10,38.231017575188,11
6R3K,6R3K_V2C026,15,29.6132109988226,12
6R3K,6R3K_V2C012,16,29.4239922488226,13
6R3K,6R3K_V2C021,12,29.2072278257457,14
6R3K,6R3K_V2C025,25,29.0065667680534,15
6R3K,6R3K_V2C017,20,28.9803672488226,16
6R3K,6R3K_V2C024,17,28.7196677295918,17
6R3K,6R3K_V2C016,14,28.3495427295918,18
6R3K,6R3K_V2C020,13,28.3204994603611,19
6R3K,6R3K_V2C015,18,28.3178744603611,20
6R3K,6R3K_V2C018,24,28.3173864795918,21
6R3K,6R3K_V2C023,21,28.2922134026688,22
6R3K,6R3K_V2C022,19,28.2777254218995,23
6R3K,6R3K_V2C019,23,28.2763792680534,24
6R3K,6R3K_V2C013,22,28.276295133438,25.5
6R3K,6R3K_V2C014,26,28.276295133438,25.5
6WKQ,6WKQ_V2C002,1,75.3805986224302,1
6WKQ,6WKQ_V2C001,3,73.1488942986838,2
6WKQ,6WKQ_V2C004,7,72.0774699300699,3
6WKQ,6WKQ_V2C005,8,71.3874762406015,4
6WKQ,6WKQ_V2C003,5,70.3627631105736,5
6WKQ,6WKQ_V2C011,6,68.0293897851772,6
6WKQ,6WKQ_V2C009,4,61.3818792588614,7
6WKQ,6WKQ_V2C010,2,61.1208792588614,8
6WKQ,6WKQ_V2C014,13,60.8941471535983,9
6WKQ,6WKQ_V2C007,10,59.0886934693877,10
6WKQ,6WKQ_V2C008,14,58.7590661009667,11
6WKQ,6WKQ_V2C018,12,56.8338131041891,12
6WKQ,6WKQ_V2C013,16,55.0092113641246,13
6WKQ,6WKQ_V2C006,15,54.3901934693877,14
6WKQ,6WKQ_V2C012,11,52.8454798378088,15
6WKQ,6WKQ_V2C016,17,46.4640762620838,16
6WKQ,6WKQ_V2C015,9,43.7430099462943,17
6WKQ,6WKQ_V2C022,19,40.3454878410312,18
6WKQ,6WKQ_V2C024,20,39.3368467883996,19
6WKQ,6WKQ_V2C019,21,39.1682846831364,20
6WKQ,6WKQ_V2C023,22,37.5735762620838,21
6WKQ,6WKQ_V2C020,18,37.3033133673469,22
6WKQ,6WKQ_V2C025,25,36.2481320515575,23
6WKQ,6WKQ_V2C017,23,35.4062025778733,24
6WKQ,6WKQ_V2C021,24,35.2440762620838,25
7BEA,7BEA_V2C003,1,77.8847243284831,1
7BEA,7BEA_V2C001,2,67.0192254261246,2
7BEA,7BEA_V2C002,3,61.0626881536384,3
7BEA,7BEA_V2C004,8,50.8851632988722,4
7BEA,7BEA_V2C007,7,50.5214338580827,5
7BEA,7BEA_V2C006,9,49.4562471804511,6
7BEA,7BEA_V2C005,11,41.9852116217898,7
7BEA,7BEA_V2C009,4,39.6879682103611,8
7BEA,7BEA_V2C012,5,29.4004850372841,9
7BEA,7BEA_V2C013,6,28.8033143642072,10
7BEA,7BEA_V2C015,10,28.5863984988226,11
7BEA,7BEA_V2C011,17,28.4278215757457,12
7BEA,7BEA_V2C010,16,28.4257182103611,13
7BEA,7BEA_V2C016,12,28.315013883438,14
7BEA,7BEA_V2C014,15,28.3087206142072,15
7BEA,7BEA_V2C008,13,28.2912542680534,16
7BEA,7BEA_V2C017,14,28.2789874411303,17
7JRA,7JRA_V2C006,1,81.0662063447039,1
7JRA,7JRA_V2C004,3,73.0419532372389,2
7JRA,7JRA_V2C007,2,72.9802444247127,3
7JRA,7JRA_V2C003,5,69.1855175347835,4
7JRA,7JRA_V2C001,8,67.824168576724,5
7JRA,7JRA_V2C005,4,66.5460472742326,6
7JRA,7JRA_V2C009,9,65.6729939619825,7
7JRA,7JRA_V2C042,10,65.5450819255932,8
7JRA,7JRA_V2C002,6,65.4294759184074,9
7JRA,7JRA_V2C023,7,60.605192634982,10
7JRA,7JRA_V2C008,11,57.1532882988722,11
7JRA,7JRA_V2C035,13,57.0106552094522,12
7JRA,7JRA_V2C010,14,51.1449609962406,13
7JRA,7JRA_V2C024,17,49.974865735768,14
7JRA,7JRA_V2C039,12,49.9306552094522,15
7JRA,7JRA_V2C015,18,47.5315104726101,16
7JRA,7JRA_V2C013,22,31.7752686911303,17
7JRA,7JRA_V2C011,28,29.6692614795918,18
7JRA,7JRA_V2C028,20,29.099013883438,19
7JRA,7JRA_V2C021,15,29.0410956142072,20
7JRA,7JRA_V2C033,36,28.9777590757457,21
7JRA,7JRA_V2C018,41,28.8622759026687,22
7JRA,7JRA_V2C012,42,28.7904754218995,23
7JRA,7JRA_V2C029,24,28.7286869603611,24
7JRA,7JRA_V2C019,34,28.7284177295918,25
7JRA,7JRA_V2C036,35,28.6882518642072,26
7JRA,7JRA_V2C026,37,28.6816893642072,27
7JRA,7JRA_V2C027,30,28.6684297488226,28
7JRA,7JRA_V2C034,19,28.5354129218995,29
7JRA,7JRA_V2C041,21,28.4905186911303,30
7JRA,7JRA_V2C020,40,28.4559561911303,31
7JRA,7JRA_V2C031,27,28.4453047488226,32
7JRA,7JRA_V2C014,38,28.4324994603611,33
7JRA,7JRA_V2C037,25,28.4253143642072,34
7JRA,7JRA_V2C017,39,28.4163624411303,35
7JRA,7JRA_V2C022,26,28.4054922488226,36
7JRA,7JRA_V2C025,29,28.4028167680534,37
7JRA,7JRA_V2C016,16,28.3275331142072,38
7JRA,7JRA_V2C032,23,28.322451383438,39
7JRA,7JRA_V2C040,32,28.2967903257457,40
7JRA,7JRA_V2C030,33,28.2888143642072,41
7JRA,7JRA_V2C038,31,28.2843215757457,42
7O2I,7O2I_V2C001,1,79.8660521733905,1
7O2I,7O2I_V2C003,2,75.0057964817138,2
7O2I,7O2I_V2C004,8,70.2307348656982,3
7O2I,7O2I_V2C005,3,69.7604511278196,4
7O2I,7O2I_V2C002,4,65.3269350010891,5
7O2I,7O2I_V2C009,5,60.4514429041353,6
7O2I,7O2I_V2C011,13,56.1606715225564,7
7O2I,7O2I_V2C048,6,55.6622341568206,8
7O2I,7O2I_V2C008,19,55.1307356672932,9
7O2I,7O2I_V2C014,11,54.8988047462406,10
7O2I,7O2I_V2C016,20,54.336951950188,11
7O2I,7O2I_V2C013,23,52.3191114896616,12
7O2I,7O2I_V2C007,12,51.7505218515038,13
7O2I,7O2I_V2C010,10,51.245686325188,14
7O2I,7O2I_V2C012,22,50.6012764714139,15
7O2I,7O2I_V2C015,7,50.3131345159775,16
7O2I,7O2I_V2C006,9,48.0242537593985,17
7O2I,7O2I_V2C018,24,46.3634183673469,18
7O2I,7O2I_V2C047,26,30.7587206142072,19
7O2I,7O2I_V2C020,28,30.3487999411303,20
7O2I,7O2I_V2C036,14,30.1482734988226,21
7O2I,7O2I_V2C037,15,29.2291533065149,22
7O2I,7O2I_V2C035,33,29.0776773449765,23
7O2I,7O2I_V2C019,30,28.9499946526688,24
7O2I,7O2I_V2C025,27,28.7515884026687,25
7O2I,7O2I_V2C043,29,28.7331124411303,26
7O2I,7O2I_V2C042,39,28.7148720565149,27
7O2I,7O2I_V2C023,34,28.5623864795918,28
7O2I,7O2I_V2C029,38,28.5618480180534,29
7O2I,7O2I_V2C030,36,28.5563456142072,30
7O2I,7O2I_V2C028,31,28.5303480180534,31
7O2I,7O2I_V2C027,16,28.4629057103611,32
7O2I,7O2I_V2C031,41,28.4092109988226,33
7O2I,7O2I_V2C026,40,28.4028167680534,34
7O2I,7O2I_V2C017,17,28.390482633438,35
7O2I,7O2I_V2C022,37,28.3789730180534,36
7O2I,7O2I_V2C044,32,28.3179417680534,37
7O2I,7O2I_V2C040,43,28.3105715757457,38
7O2I,7O2I_V2C032,25,28.3100331142072,39
7O2I,7O2I_V2C039,45,28.3097470565149,40
7O2I,7O2I_V2C038,48,28.2990283065149,41
7O2I,7O2I_V2C045,47,28.2932734988226,42
7O2I,7O2I_V2C046,46,28.2914561911303,43
7O2I,7O2I_V2C033,44,28.2801653257457,44
7O2I,7O2I_V2C021,18,28.2773047488226,45
7O2I,7O2I_V2C034,21,28.2768840757457,46
7O2I,7O2I_V2C024,35,28.2765475372842,47.5
7O2I,7O2I_V2C041,42,28.2765475372842,47.5
8EA7,8EA7_V2C003,1,80.7102965488255,1
8EA7,8EA7_V2C007,2,66.1481483583699,2
8EA7,8EA7_V2C001,4,63.9675408924565,3
8EA7,8EA7_V2C002,3,60.9197119007246,4
8EA7,8EA7_V2C004,5,60.2231136913681,5
8EA7,8EA7_V2C005,7,53.0395481672932,6
8EA7,8EA7_V2C008,8,52.7418779370301,7
8EA7,8EA7_V2C021,11,48.2399973147154,8
8EA7,8EA7_V2C006,10,48.2179437265038,9
8EA7,8EA7_V2C012,6,33.7123335949764,10
8EA7,8EA7_V2C014,12,31.9698047488226,11
8EA7,8EA7_V2C016,9,29.2684273449764,12
8EA7,8EA7_V2C010,17,29.2072614795918,13
8EA7,8EA7_V2C013,13,29.0835331142072,14
8EA7,8EA7_V2C011,14,28.7027230180534,15
8EA7,8EA7_V2C009,21,28.5770259026688,16
8EA7,8EA7_V2C015,18,28.4625186911303,17
8EA7,8EA7_V2C017,16,28.3826412872841,18
8EA7,8EA7_V2C020,20,28.361607633438,19
8EA7,8EA7_V2C019,19,28.2778936911303,20
8EA7,8EA7_V2C018,15,28.2770523449765,21
8P1O,8P1O_V2C001,1,71.3434316886121,1
8P1O,8P1O_V2C003,2,65.1881432590522,2
8P1O,8P1O_V2C006,4,51.4874973147154,3
8P1O,8P1O_V2C004,6,47.0523191499525,4
8P1O,8P1O_V2C005,5,46.8303409304511,5
8P1O,8P1O_V2C002,7,44.4489511278196,6
8P1O,8P1O_V2C013,9,29.1179778257457,7
8P1O,8P1O_V2C010,10,28.9976316718995,8
8P1O,8P1O_V2C009,13,28.7203408065149,9
8P1O,8P1O_V2C016,17,28.5714225372842,10
8P1O,8P1O_V2C007,11,28.5148672488226,11
8P1O,8P1O_V2C014,14,28.3562398449765,12
8P1O,8P1O_V2C008,16,28.2844057103611,13
8P1O,8P1O_V2C017,15,28.2822182103611,14
8P1O,8P1O_V2C012,3,28.2802494603611,15
8P1O,8P1O_V2C011,8,28.2764634026688,16
8P1O,8P1O_V2C015,12,28.276295133438,17
8SE5,8SE5_V2C003,1,79.8367007606924,1
8SE5,8SE5_V2C004,4,63.3289118712584,2
8SE5,8SE5_V2C002,2,63.0705697659171,3
8SE5,8SE5_V2C001,5,61.9075830701253,4
8SE5,8SE5_V2C007,3,52.4120872667042,5
8SE5,8SE5_V2C005,6,47.6415942199248,6
8SE5,8SE5_V2C006,13,44.5887710291353,7
8SE5,8SE5_V2C024,15,42.3081552094522,8
8SE5,8SE5_V2C021,7,32.5266412872841,9
8SE5,8SE5_V2C013,16,29.1384393642072,10
8SE5,8SE5_V2C009,8,28.9840691718995,11
8SE5,8SE5_V2C010,22,28.9199754218995,12
8SE5,8SE5_V2C020,21,28.8989249411303,13
8SE5,8SE5_V2C018,19,28.6344393642072,14
8SE5,8SE5_V2C016,9,28.6170908065149,15
8SE5,8SE5_V2C015,20,28.6091989795918,16
8SE5,8SE5_V2C012,12,28.5848504218995,17
8SE5,8SE5_V2C023,23,28.5268984988226,18
8SE5,8SE5_V2C014,14,28.330107633438,19
8SE5,8SE5_V2C008,11,28.3003071526688,20
8SE5,8SE5_V2C022,24,28.2985066718995,21
8SE5,8SE5_V2C019,10,28.280670133438,22
8SE5,8SE5_V2C017,18,28.2776412872841,23
8SE5,8SE5_V2C011,17,28.277388883438,24
